time,open,rolling_average
2021-01-13 00:15:00,20.1,0.03541162790697675
2021-01-13 00:30:00,20.1,0.04799244761685471
2021-01-13 00:45:00,20.1,0.051599393982332036
2021-01-13 01:00:00,20.1,0.05000546385409597
2021-01-13 01:15:00,20.1,0.06067957769484702
2021-01-13 01:30:00,20.1,0.0688655210949122
2021-01-13 01:45:00,20.1,0.06631715867092249
2021-01-13 02:00:00,20.1,0.06480469830307659
2021-01-13 02:15:00,20.1,0.07422411860111226
2021-01-13 02:30:00,20.1,0.07209942447098497
2021-01-13 02:45:00,20.1,0.06258976944577763
2021-01-13 03:00:00,20.1,0.06211583568583296
2021-01-13 03:15:00,20.1,0.06664369927846928
2021-01-13 03:30:00,20.1,0.0552267298613921
2021-01-13 03:45:00,20.15,0.05306931008292916
2021-01-13 04:00:00,20.15,0.06926047497588408
2021-01-13 04:15:00,20.15,0.07407149095325585
2021-01-13 04:30:00,20.15,0.06761579172778254
2021-01-13 04:45:00,20.15,0.07845496323941044
2021-01-13 05:00:00,20.15,0.0794353779198483
2021-01-13 05:15:00,20.36,0.0681053939159108
2021-01-13 05:30:00,20.36,0.07506756823651073
2021-01-13 05:45:00,20.36,0.08082878481042141
2021-01-13 06:00:00,20.36,0.07125124817229511
2021-01-13 06:15:00,20.1,0.06200157317361626
2021-01-13 06:30:00,20.25,0.06767950572610738
2021-01-13 06:45:00,20.47,0.06709934691904451
2021-01-13 07:00:00,20.32,0.06809625425363063
2021-01-13 07:15:00,20.2499,0.07321264615912408
2021-01-13 07:30:00,20.2601,0.06969503649369657
2021-01-13 07:45:00,20.44,0.06867534428094212
2021-01-13 08:00:00,20.39,0.06315974180474238
2021-01-13 08:15:00,20.36,0.06172602121062614
2021-01-13 08:30:00,20.37,0.06295658493440956
2021-01-13 08:45:00,20.42,0.05902316692915023
2021-01-13 09:00:00,22.33,0.055529099419974914
2021-01-13 09:15:00,22.93,0.053480054322063056
2021-01-13 09:30:00,25.905,0.058451708168216904
2021-01-13 09:45:00,29.01,0.05816224823604335
2021-01-13 10:00:00,27.4122,0.05934224997457653
2021-01-13 10:15:00,28.6301,0.061353355623735964
2021-01-13 10:30:00,31.1244,0.06392466335841326
2021-01-13 10:45:00,33.07,0.06817922591793035
2021-01-13 11:00:00,38.39,0.0757449517135437
2021-01-13 11:15:00,31.7501,0.0784439044955654
2021-01-13 11:30:00,31.24,0.0779963816017925
2021-01-13 11:45:00,30.9462,0.0802481224955402
2021-01-13 12:00:00,32.3299,0.08220602751418683
2021-01-13 12:15:00,34.29,0.0826682295153786
2021-01-13 12:30:00,33.1,0.08523224069710406
2021-01-13 12:45:00,31.88,0.08745241220028305
2021-01-13 13:00:00,32.56,0.08710478622192765
2021-01-13 13:15:00,33.465,0.08712288894541384
2021-01-13 13:30:00,33.3097,0.0868635492177195
2021-01-13 13:45:00,32.8,0.08672552194100148
2021-01-13 14:00:00,33.255,0.08733867257585766
2021-01-13 14:15:00,33.03,0.08582082483615465
2021-01-13 14:30:00,32.9899,0.08644649649894519
2021-01-13 14:45:00,31.3135,0.08765140768570176
2021-01-13 15:00:00,32.105,0.08618923711870077
2021-01-13 15:15:00,31.3998,0.0874584131568365
2021-01-13 15:30:00,31.1,0.09285638431839863
2021-01-13 15:45:00,31.31,0.09390335538923626
2021-01-13 16:00:00,31.15,0.09632719069372842
2021-01-13 16:15:00,31.38,0.10229604133031332
2021-01-13 16:30:00,32.77,0.10396398259642267
2021-01-13 16:45:00,32.2,0.10260948455209414
2021-01-13 17:00:00,32.19,0.10498241143124093
2021-01-13 17:15:00,32.12,0.1019285493590855
2021-01-13 17:30:00,32.75,0.10166680158915833
2021-01-13 17:45:00,32.57,0.10205524076765472
2021-01-13 18:00:00,32.42,0.09808236879760687
2021-01-13 18:15:00,32.49,0.09697157864249611
2021-01-13 18:30:00,32.39,0.09598566947652998
2021-01-13 18:45:00,32.4001,0.10174703211850702
2021-01-13 19:00:00,32.7,0.10285218134927317
2021-01-13 19:15:00,32.7,0.10411352119889722
2021-01-13 19:30:00,32.7,0.10341850658257566
2021-01-13 19:45:00,32.7,0.10399697306126411
2021-01-13 20:00:00,32.7,0.10807769467634239
2021-01-13 20:15:00,32.7,0.10316940476222157
2021-01-13 20:30:00,32.7,0.10366102914331608
2021-01-13 20:45:00,32.7,0.10097011878295574
2021-01-13 21:00:00,32.7,0.10359309392878004
2021-01-13 21:15:00,32.7,0.10498699556466323
2021-01-13 21:30:00,32.7,0.1048016408111421
2021-01-13 21:45:00,32.7,0.10493332606156547
2021-01-13 22:00:00,32.7,0.10187958651192457
2021-01-13 22:15:00,32.7,0.10507148186293858
2021-01-13 22:30:00,32.7,0.10058531973464874
2021-01-13 22:45:00,32.7,0.09665107211560112
2021-01-13 23:00:00,32.7,0.09563737234179413
2021-01-13 23:15:00,32.7,0.08848861576194728
2021-01-13 23:30:00,32.7,0.08418473384169442
2021-01-13 23:45:00,32.7,0.07652520628030922
2021-01-14 00:00:00,32.7,0.07051110742643556
2021-01-14 00:15:00,32.7,0.06875777965163665
2021-01-14 00:30:00,32.7,0.07288942327935301
2021-01-14 00:45:00,32.7,0.07849438510751588
2021-01-14 01:00:00,32.7,0.07429336669927233
2021-01-14 01:15:00,32.7,0.07518314282080228
2021-01-14 01:30:00,32.7,0.08092635317878681
2021-01-14 01:45:00,32.7,0.08090761827540517
2021-01-14 02:00:00,32.7,0.09184501393523255
2021-01-14 02:15:00,32.7,0.08835737417639919
2021-01-14 02:30:00,32.7,0.08996776748315113
2021-01-14 02:45:00,32.7,0.08818789582722737
2021-01-14 03:00:00,32.7,0.08885892828634992
2021-01-14 03:15:00,33.48,0.09496625428206035
2021-01-14 03:30:00,34.97,0.09299026544633467
2021-01-14 03:45:00,34.9,0.09359993145774385
2021-01-14 04:00:00,35.91,0.08753557769257223
2021-01-14 04:15:00,37.57,0.09445069669434855
2021-01-14 04:30:00,37.4,0.09209021225283345
2021-01-14 04:45:00,37.1,0.0998743917213026
2021-01-14 05:00:00,36.0,0.11004746070367358
2021-01-14 05:15:00,35.99,0.10937676612790273
2021-01-14 05:30:00,35.28,0.11040090497733454
2021-01-14 05:45:00,36.15,0.11877511861658509
2021-01-14 06:00:00,35.72,0.12035622106942076
2021-01-14 06:15:00,36.0,0.11754312171456648
2021-01-14 06:30:00,37.63,0.11755869411336611
2021-01-14 06:45:00,37.66,0.11083178912640576
2021-01-14 07:00:00,37.89,0.10232608748191116
2021-01-14 07:15:00,35.9974,0.10489539810383493
2021-01-14 07:30:00,35.71,0.099170541192489
2021-01-14 07:45:00,37.0999,0.09558276994294607
2021-01-14 08:00:00,36.98,0.09433308199519073
2021-01-14 08:15:00,36.5501,0.09449287532736309
2021-01-14 08:30:00,38.1,0.08626315102010039
2021-01-14 08:45:00,38.09,0.0749828992927287
2021-01-14 09:00:00,35.26,0.0695768479107323
2021-01-14 09:15:00,35.16,0.06281684729703575
2021-01-14 09:30:00,34.6317,0.06165639010680926
2021-01-14 09:45:00,34.305,0.06101539794506518
2021-01-14 10:00:00,34.2502,0.060838724432798655
2021-01-14 10:15:00,35.21,0.05969401325508138
2021-01-14 10:30:00,36.4287,0.06616251525061874
2021-01-14 10:45:00,35.26,0.07319220715482859
2021-01-14 11:00:00,37.075,0.07247435888396574
2021-01-14 11:15:00,36.885,0.07239279668834886
2021-01-14 11:30:00,39.29,0.07326352598749153
2021-01-14 11:45:00,41.0719,0.07103451156398397
2021-01-14 12:00:00,39.28,0.07131343514599597
2021-01-14 12:15:00,37.96,0.06735782464314391
2021-01-14 12:30:00,38.62,0.06576388245137263
2021-01-14 12:45:00,40.23,0.06754883895594263
2021-01-14 13:00:00,39.91,0.07331298310752121
2021-01-14 13:15:00,38.985,0.07562580582488015
2021-01-14 13:30:00,38.945,0.07592008876411649
2021-01-14 13:45:00,38.4624,0.0792222157665345
2021-01-14 14:00:00,38.795,0.07656315041679577
2021-01-14 14:15:00,39.2941,0.07725459220323379
2021-01-14 14:30:00,39.55,0.07647455901570861
2021-01-14 14:45:00,38.02,0.07262473658803352
2021-01-14 15:00:00,39.5214,0.07160336087529603
2021-01-14 15:15:00,40.0,0.07410634733093588
2021-01-14 15:30:00,38.75,0.07596790833593388
2021-01-14 15:45:00,39.41,0.07975598237625527
2021-01-14 16:00:00,39.84,0.08497795980797333
2021-01-14 16:15:00,39.55,0.09137127725988932
2021-01-14 16:30:00,39.86,0.09429260878633834
2021-01-14 16:45:00,42.75,0.09892825794540927
2021-01-14 17:00:00,42.51,0.09667067411061094
2021-01-14 17:15:00,42.4,0.09815317256890879
2021-01-14 17:30:00,42.7999,0.1003061417601353
2021-01-14 17:45:00,42.28,0.09778901526671398
2021-01-14 18:00:00,41.85,0.09636575709123155
2021-01-14 18:15:00,41.9,0.09528106950300452
2021-01-14 18:30:00,42.2,0.09669628755156519
2021-01-14 18:45:00,42.35,0.0945321461317348
2021-01-14 19:00:00,42.1,0.09557620782050744
2021-01-14 19:15:00,42.1,0.09203407897270878
2021-01-14 19:30:00,42.1,0.08738229135015797
2021-01-14 19:45:00,42.1,0.08618259709750586
2021-01-14 20:00:00,42.1,0.08757663123004159
2021-01-14 20:15:00,42.1,0.08597022578540683
2021-01-14 20:30:00,42.1,0.08790903827654492
2021-01-14 20:45:00,42.1,0.09111303398571312
2021-01-14 21:00:00,42.1,0.09238808883643959
2021-01-14 21:15:00,42.1,0.09604347141263453
2021-01-14 21:30:00,42.1,0.10196893535475304
2021-01-14 21:45:00,42.1,0.10209555610247165
2021-01-14 22:00:00,42.1,0.10024472108383145
2021-01-14 22:15:00,42.1,0.10355918936897471
2021-01-14 22:30:00,42.1,0.1032174355593275
2021-01-14 22:45:00,42.1,0.1016527597646748
2021-01-14 23:00:00,42.1,0.1031559993369286
2021-01-14 23:15:00,42.1,0.10058140238782505
2021-01-14 23:30:00,42.1,0.09469935931080187
2021-01-14 23:45:00,42.1,0.0923444140096151
2021-01-15 00:00:00,42.1,0.08591128795609637
2021-01-15 00:15:00,42.1,0.08609300507093848
2021-01-15 00:30:00,42.1,0.08330520565417492
2021-01-15 00:45:00,42.1,0.08153566263791143
2021-01-15 01:00:00,42.1,0.07958489830174756
2021-01-15 01:15:00,42.1,0.07695007868888917
2021-01-15 01:30:00,42.1,0.08028098735479083
2021-01-15 01:45:00,42.1,0.08224392258139288
2021-01-15 02:00:00,42.1,0.08608257573954732
2021-01-15 02:15:00,42.1,0.08253561001877266
2021-01-15 02:30:00,42.1,0.0819765753840665
2021-01-15 02:45:00,42.1,0.08297175892559619
2021-01-15 03:00:00,42.1,0.08051545627733586
2021-01-15 03:15:00,42.2,0.08043167825798776
2021-01-15 03:30:00,40.98,0.07267521845033036
2021-01-15 03:45:00,40.65,0.07368783016168158
2021-01-15 04:00:00,42.0,0.07163006548671594
2021-01-15 04:15:00,41.85,0.0779874688589271
2021-01-15 04:30:00,41.38,0.07623832118450849
2021-01-15 04:45:00,41.59,0.07756849837394436
2021-01-15 05:00:00,41.32,0.08026820796669687
2021-01-15 05:15:00,40.5,0.08019407100338667
2021-01-15 05:30:00,40.63,0.08959376985037354
2021-01-15 05:45:00,40.95,0.08627561938659521
2021-01-15 06:00:00,40.68,0.08789637496609477
2021-01-15 06:15:00,40.82,0.07699035506183477
2021-01-15 06:30:00,38.69,0.07522469234732619
2021-01-15 06:45:00,38.55,0.06971894741100391
2021-01-15 07:00:00,38.79,0.06665694256300556
2021-01-15 07:15:00,38.5,0.06355823119466024
2021-01-15 07:30:00,37.5,0.05745290994138965
2021-01-15 07:45:00,37.69,0.06008922649513336
2021-01-15 08:00:00,38.1,0.06156122712108968
2021-01-15 08:15:00,38.277,0.06268702676261019
2021-01-15 08:30:00,38.83,0.06293062186684883
2021-01-15 08:45:00,38.49,0.05965194276653997
2021-01-15 09:00:00,38.21,0.054422354906272966
2021-01-15 09:15:00,37.384,0.04995334970243227
2021-01-15 09:30:00,36.78,0.04810034136239613
2021-01-15 09:45:00,36.14,0.04483956336332601
2021-01-15 10:00:00,36.715,0.03963015831524908
2021-01-15 10:15:00,36.615,0.039312476962320195
2021-01-15 10:30:00,36.8799,0.04057619829034427
2021-01-15 10:45:00,36.52,0.04625486729981945
2021-01-15 11:00:00,36.58,0.05035753614388518
2021-01-15 11:15:00,34.2765,0.05778883670438782
2021-01-15 11:30:00,35.01,0.06209167086543954
2021-01-15 11:45:00,35.14,0.06290260272462199
2021-01-15 12:00:00,36.41,0.06594766323728384
2021-01-15 12:15:00,35.8021,0.06760114876725005
2021-01-15 12:30:00,35.355,0.06931071763854889
2021-01-15 12:45:00,35.6199,0.06687787867798631
2021-01-15 13:00:00,35.9999,0.06718605320550561
2021-01-15 13:15:00,35.99,0.06373303580598737
2021-01-15 13:30:00,36.15,0.06345498058311128
2021-01-15 13:45:00,36.6939,0.06184930535405596
2021-01-15 14:00:00,38.075,0.05900408116024728
2021-01-15 14:15:00,37.88,0.052325744957305416
2021-01-15 14:30:00,37.0647,0.047240674937422386
2021-01-15 14:45:00,36.72,0.0462234832410121
2021-01-15 15:00:00,35.87,0.04572888670355307
2021-01-15 15:15:00,35.6,0.05087655291399075
2021-01-15 15:30:00,35.1,0.050197581477495215
2021-01-15 15:45:00,35.04,0.04919740979568851
2021-01-15 16:00:00,35.05,0.05235343789587705
2021-01-15 16:15:00,35.2,0.06251192974533354
2021-01-15 16:30:00,35.2499,0.06809505472245987
2021-01-15 16:45:00,35.67,0.07111557976125793
2021-01-15 17:00:00,35.85,0.0767727625102122
2021-01-15 17:15:00,35.8,0.07710671499572896
2021-01-15 17:30:00,35.9,0.07561396326356178
2021-01-15 17:45:00,36.06,0.08414496752865364
2021-01-15 18:00:00,35.99,0.08586772158770148
2021-01-15 18:15:00,35.9,0.08365326051100432
2021-01-15 18:30:00,35.9301,0.08289781899411978
2021-01-15 18:45:00,35.8,0.08202091472977098
2021-01-15 19:00:00,36.25,0.07801342651333656
2021-01-15 19:15:00,36.25,0.08079301270782481
2021-01-15 19:30:00,36.25,0.08562443733667902
2021-01-15 19:45:00,36.25,0.08433006651040571
2021-01-15 20:00:00,36.25,0.08624780967286999
2021-01-15 20:15:00,36.25,0.09008154473952847
2021-01-15 20:30:00,36.25,0.09432296759235223
2021-01-15 20:45:00,36.25,0.09933823897860262
2021-01-15 21:00:00,36.25,0.10308014766616641
2021-01-15 21:15:00,36.25,0.10231149231900893
2021-01-15 21:30:00,36.25,0.10386150278301277
2021-01-15 21:45:00,36.25,0.10094041900659648
2021-01-15 22:00:00,36.25,0.10082646486724736
2021-01-15 22:15:00,36.25,0.1036017561699554
2021-01-15 22:30:00,36.25,0.10183841187545771
2021-01-15 22:45:00,36.25,0.09809916049457273
2021-01-15 23:00:00,36.25,0.10008945328891262
2021-01-15 23:15:00,36.25,0.09797811440535656
2021-01-15 23:30:00,36.25,0.090810835994673
2021-01-15 23:45:00,36.25,0.08783116559017828
2021-01-16 00:00:00,36.25,0.08884395904925352
2021-01-16 00:15:00,36.25,0.08720475322524687
2021-01-16 00:30:00,36.25,0.09130804687926729
2021-01-16 00:45:00,36.25,0.09327024778403264
2021-01-16 01:00:00,36.25,0.10012153681871883
2021-01-16 01:15:00,36.25,0.10656411550889185
2021-01-16 01:30:00,36.25,0.10671208446908508
2021-01-16 01:45:00,36.25,0.1115188468778442
2021-01-16 02:00:00,36.25,0.1125054868630771
2021-01-16 02:15:00,36.25,0.10917125644222984
2021-01-16 02:30:00,36.25,0.10687198415552777
2021-01-16 02:45:00,36.25,0.10499927547608566
2021-01-16 03:00:00,36.25,0.09628824506208913
2021-01-16 03:15:00,36.25,0.08706414127079785
2021-01-16 03:30:00,36.25,0.09117275992177643
2021-01-16 03:45:00,36.25,0.08845969838331488
2021-01-16 04:00:00,36.25,0.09231779133203284
2021-01-16 04:15:00,36.25,0.0888277133858086
2021-01-16 04:30:00,36.25,0.0803509866332064
2021-01-16 04:45:00,36.25,0.075540723957081
2021-01-16 05:00:00,36.25,0.0745702539904514
2021-01-16 05:15:00,36.25,0.08273243442309644
2021-01-16 05:30:00,36.25,0.07234373573672534
2021-01-16 05:45:00,36.25,0.07037011394185355
2021-01-16 06:00:00,36.25,0.06860322215308676
2021-01-16 06:15:00,36.25,0.06798122295867215
2021-01-16 06:30:00,36.25,0.06978963544296515
2021-01-16 06:45:00,36.25,0.06727539345153483
2021-01-16 07:00:00,36.25,0.06305070659498027
2021-01-16 07:15:00,36.25,0.059180470606779674
2021-01-16 07:30:00,36.25,0.06816754020384928
2021-01-16 07:45:00,36.25,0.07778258886564976
2021-01-16 08:00:00,36.25,0.07325119162726723
2021-01-16 08:15:00,36.25,0.07835273499461418
2021-01-16 08:30:00,36.25,0.07837665084729936
2021-01-16 08:45:00,36.25,0.08489864617252305
2021-01-16 09:00:00,36.25,0.08770257320044858
2021-01-16 09:15:00,36.25,0.08774164257439104
2021-01-16 09:30:00,36.25,0.09514263616413463
2021-01-16 09:45:00,36.25,0.09008440589001532
2021-01-16 10:00:00,36.25,0.09480499714861913
2021-01-16 10:15:00,36.25,0.09222601233112385
2021-01-16 10:30:00,36.25,0.09659141309904135
2021-01-16 10:45:00,36.25,0.10194197841445322
2021-01-16 11:00:00,36.25,0.10651708292792174
2021-01-16 11:15:00,36.25,0.10276082582301106
2021-01-16 11:30:00,36.25,0.0990314166978225
2021-01-16 11:45:00,36.25,0.09856104558152776
2021-01-16 12:00:00,36.25,0.09774487948367648
2021-01-16 12:15:00,36.25,0.0982738521258471
2021-01-16 12:30:00,36.25,0.09730428623229052
2021-01-16 12:45:00,36.25,0.09478321958447755
2021-01-16 13:00:00,36.25,0.0936415440791612
2021-01-16 13:15:00,36.25,0.09577231885633403
2021-01-16 13:30:00,36.25,0.09640658397646659
2021-01-16 13:45:00,36.25,0.09891963801741613
2021-01-16 14:00:00,36.25,0.09655941938542892
2021-01-16 14:15:00,36.25,0.10002530656075359
2021-01-16 14:30:00,36.25,0.10700281271838906
2021-01-16 14:45:00,36.25,0.11372330988875924
2021-01-16 15:00:00,36.25,0.11351283529674853
2021-01-16 15:15:00,36.25,0.11706379481917135
2021-01-16 15:30:00,36.25,0.11514591689823665
2021-01-16 15:45:00,36.25,0.11903867984028667
2021-01-16 16:00:00,36.25,0.11814915444449299
2021-01-16 16:15:00,36.25,0.11550347337078962
2021-01-16 16:30:00,36.25,0.10627308395598756
2021-01-16 16:45:00,36.25,0.09386128014911664
2021-01-16 17:00:00,36.25,0.09551482162350987
2021-01-16 17:15:00,36.25,0.09430970042118278
2021-01-16 17:30:00,36.25,0.09744043801427471
2021-01-16 17:45:00,36.25,0.09775695559820545
2021-01-16 18:00:00,36.25,0.0969023808000754
2021-01-16 18:15:00,36.25,0.10183507322224337
2021-01-16 18:30:00,36.25,0.10494303713310153
2021-01-16 18:45:00,36.25,0.11158181501771691
2021-01-16 19:00:00,36.25,0.10674582213198992
2021-01-16 19:15:00,36.25,0.10867481052797733
2021-01-16 19:30:00,36.25,0.10864361128715812
2021-01-16 19:45:00,36.25,0.10234182858528355
2021-01-16 20:00:00,36.25,0.1040714021927106
2021-01-16 20:15:00,36.25,0.09684450443040211
2021-01-16 20:30:00,36.25,0.09549928321005122
2021-01-16 20:45:00,36.25,0.09355804022126915
2021-01-16 21:00:00,36.25,0.0904181102762142
2021-01-16 21:15:00,36.25,0.0883329819239371
2021-01-16 21:30:00,36.25,0.08592976367796935
2021-01-16 21:45:00,36.25,0.08570724801260159
2021-01-16 22:00:00,36.25,0.08119854799575334
2021-01-16 22:15:00,36.25,0.08213144953856548
2021-01-16 22:30:00,36.25,0.08645907591927983
2021-01-16 22:45:00,36.25,0.0905932660234465
2021-01-16 23:00:00,36.25,0.1018349443509601
2021-01-16 23:15:00,36.25,0.10227782001818525
2021-01-16 23:30:00,36.25,0.106573776503994
2021-01-16 23:45:00,36.25,0.10859368908402299
2021-01-17 00:00:00,36.25,0.1167525319338665
2021-01-17 00:15:00,36.25,0.1201356786352554
2021-01-17 00:30:00,36.25,0.11740494005026443
2021-01-17 00:45:00,36.25,0.1114066112548849
2021-01-17 01:00:00,36.25,0.11004078468831527
2021-01-17 01:15:00,36.25,0.11034272758661465
2021-01-17 01:30:00,36.25,0.10439981833582895
2021-01-17 01:45:00,36.25,0.10153779407959737
2021-01-17 02:00:00,36.25,0.09342344615438077
2021-01-17 02:15:00,36.25,0.0862159982950746
2021-01-17 02:30:00,36.25,0.08518443750389211
2021-01-17 02:45:00,36.25,0.09149338166778086
2021-01-17 03:00:00,36.25,0.08800246684489882
2021-01-17 03:15:00,36.25,0.082451133702697
2021-01-17 03:30:00,36.25,0.08695310278138978
2021-01-17 03:45:00,36.25,0.07881301168827237
2021-01-17 04:00:00,36.25,0.08877747971152819
2021-01-17 04:15:00,36.25,0.10273327822314018
2021-01-17 04:30:00,36.25,0.09530479437146554
2021-01-17 04:45:00,36.25,0.0982447993733267
2021-01-17 05:00:00,36.25,0.10002563052134536
2021-01-17 05:15:00,36.25,0.10566418797084029
2021-01-17 05:30:00,36.25,0.10550197695666362
2021-01-17 05:45:00,36.25,0.12901606329610774
2021-01-17 06:00:00,36.25,0.11538368829610773
2021-01-17 06:15:00,36.25,0.1146692497704612
2021-01-17 06:30:00,36.25,0.11971219619903262
2021-01-17 06:45:00,36.25,0.11222513455569638
2021-01-17 07:00:00,36.25,0.10947736558803468
2021-01-17 07:15:00,36.25,0.11324150015661202
2021-01-17 07:30:00,36.25,0.11138695345331531
2021-01-17 07:45:00,36.25,0.09471430634338829
2021-01-17 08:00:00,36.25,0.09927974751985888
2021-01-17 08:15:00,36.25,0.09133164205941138
2021-01-17 08:30:00,36.25,0.10164463448365381
2021-01-17 08:45:00,36.25,0.10780300709464785
2021-01-17 09:00:00,36.25,0.11224133872318472
2021-01-17 09:15:00,36.25,0.11432295920511244
2021-01-17 09:30:00,36.25,0.12057950465527631
2021-01-17 09:45:00,36.25,0.12444272916844927
2021-01-17 10:00:00,36.25,0.13010755907631602
2021-01-17 10:15:00,36.25,0.1332929371685145
2021-01-17 10:30:00,36.25,0.12522292182316336
2021-01-17 10:45:00,36.25,0.1234293114727895
2021-01-17 11:00:00,36.25,0.11707250455338415
2021-01-17 11:15:00,36.25,0.10740028322721927
2021-01-17 11:30:00,36.25,0.09754230119280632
2021-01-17 11:45:00,36.25,0.10167155311799883
2021-01-17 12:00:00,36.25,0.10524972359210304
2021-01-17 12:15:00,36.25,0.1054256600182858
2021-01-17 12:30:00,36.25,0.1092261612420059
2021-01-17 12:45:00,36.25,0.10866489580990714
2021-01-17 13:00:00,36.25,0.1153883892968324
2021-01-17 13:15:00,36.25,0.1173179512965724
2021-01-17 13:30:00,36.25,0.12238128958606448
2021-01-17 13:45:00,36.25,0.11898692052566447
2021-01-17 14:00:00,36.25,0.11619238741792713
2021-01-17 14:15:00,36.25,0.11300556023004463
2021-01-17 14:30:00,36.25,0.10379222671507805
2021-01-17 14:45:00,36.25,0.0988637836984633
2021-01-17 15:00:00,36.25,0.09594107153459713
2021-01-17 15:15:00,36.25,0.09564753641657756
2021-01-17 15:30:00,36.25,0.08956102904611206
2021-01-17 15:45:00,36.25,0.08880080233363555
2021-01-17 16:00:00,36.25,0.08590424082170685
2021-01-17 16:15:00,36.25,0.0817255030487673
2021-01-17 16:30:00,36.25,0.09331527367465633
2021-01-17 16:45:00,36.25,0.09174774828778613
2021-01-17 17:00:00,36.25,0.08358946901804182
2021-01-17 17:15:00,36.25,0.07977016542071079
2021-01-17 17:30:00,36.25,0.0774900722033552
2021-01-17 17:45:00,36.25,0.07644656211432103
2021-01-17 18:00:00,36.25,0.07503339144282661
2021-01-17 18:15:00,36.25,0.0755353698600928
2021-01-17 18:30:00,36.25,0.06549045185856726
2021-01-17 18:45:00,36.25,0.06685854608565209
2021-01-17 19:00:00,36.25,0.07246179870753416
2021-01-17 19:15:00,36.25,0.07584654451716677
2021-01-17 19:30:00,36.25,0.07363285524854422
2021-01-17 19:45:00,36.25,0.06773351692231883
2021-01-17 20:00:00,36.25,0.0639820229467044
2021-01-17 20:15:00,36.25,0.0626657990027826
2021-01-17 20:30:00,36.25,0.06112152496872021
2021-01-17 20:45:00,36.25,0.06193284931626304
2021-01-17 21:00:00,36.25,0.06005753204931389
2021-01-17 21:15:00,36.25,0.056141401014923695
2021-01-17 21:30:00,36.25,0.05377129328700346
2021-01-17 21:45:00,36.25,0.05383848384802629
2021-01-17 22:00:00,36.25,0.056955778461671415
2021-01-17 22:15:00,36.25,0.061449271885346185
2021-01-17 22:30:00,36.25,0.059059849527808475
2021-01-17 22:45:00,36.25,0.06047489886063402
2021-01-17 23:00:00,36.25,0.06279456747636736
2021-01-17 23:15:00,36.25,0.06408383492369138
2021-01-17 23:30:00,36.25,0.06946478705579841
2021-01-17 23:45:00,36.25,0.07067865739738685
2021-01-18 00:00:00,36.25,0.07319701382540839
2021-01-18 00:15:00,36.25,0.07127951227263873
2021-01-18 00:30:00,36.25,0.07851805356634922
2021-01-18 00:45:00,36.25,0.07908813643785988
2021-01-18 01:00:00,36.25,0.0795876651799278
2021-01-18 01:15:00,36.25,0.08311015758141532
2021-01-18 01:30:00,36.25,0.08368093106744016
2021-01-18 01:45:00,36.25,0.07600492006666135
2021-01-18 02:00:00,36.25,0.07554473163778662
2021-01-18 02:15:00,36.25,0.07793672438226612
2021-01-18 02:30:00,36.25,0.07600756493142155
2021-01-18 02:45:00,36.25,0.07239158597749723
2021-01-18 03:00:00,36.25,0.0684962371366451
2021-01-18 03:15:00,36.25,0.06719288862923294
2021-01-18 03:30:00,36.25,0.0643864864376745
2021-01-18 03:45:00,36.25,0.07575480299840898
2021-01-18 04:00:00,36.25,0.06912422388342404
2021-01-18 04:15:00,36.25,0.06476491484387603
2021-01-18 04:30:00,36.25,0.06745778751538133
2021-01-18 04:45:00,36.25,0.07182433091922355
2021-01-18 05:00:00,36.25,0.0694876983642785
2021-01-18 05:15:00,36.25,0.06849111765783324
2021-01-18 05:30:00,36.25,0.07476661153895212
2021-01-18 05:45:00,36.25,0.07258883388127889
2021-01-18 06:00:00,36.25,0.0725978930918052
2021-01-18 06:15:00,36.25,0.06763163562417619
2021-01-18 06:30:00,36.25,0.06140443150033158
2021-01-18 06:45:00,36.25,0.06156177727955236
2021-01-18 07:00:00,36.25,0.06703464304647153
2021-01-18 07:15:00,36.25,0.06339460066457339
2021-01-18 07:30:00,36.25,0.06351292117739389
2021-01-18 07:45:00,36.25,0.07102288439811907
2021-01-18 08:00:00,36.25,0.07141533700626157
2021-01-18 08:15:00,36.25,0.08172851844556529
2021-01-18 08:30:00,36.25,0.0846598233244192
2021-01-18 08:45:00,36.25,0.08266170781264784
2021-01-18 09:00:00,36.25,0.0837298811252783
2021-01-18 09:15:00,36.25,0.0847104961192622
2021-01-18 09:30:00,36.25,0.08910391539009552
2021-01-18 09:45:00,36.25,0.07811241421327879
2021-01-18 10:00:00,36.25,0.08534534132211744
2021-01-18 10:15:00,36.25,0.0846375475808839
2021-01-18 10:30:00,36.25,0.08953239129109525
2021-01-18 10:45:00,36.25,0.08875912012502832
2021-01-18 11:00:00,36.25,0.08985700801866273
2021-01-18 11:15:00,36.25,0.0938866111084818
2021-01-18 11:30:00,36.25,0.08897700700489185
2021-01-18 11:45:00,36.25,0.0888426497179941
2021-01-18 12:00:00,36.25,0.08425035902315318
2021-01-18 12:15:00,36.25,0.08665640117812468
2021-01-18 12:30:00,36.25,0.08358546367812468
2021-01-18 12:45:00,36.25,0.0849188171493322
2021-01-18 13:00:00,36.25,0.08378985167846163
2021-01-18 13:15:00,36.25,0.08452634361701673
2021-01-18 13:30:00,36.25,0.0825843738798809
2021-01-18 13:45:00,36.25,0.08838001298038298
2021-01-18 14:00:00,36.25,0.08898057892669702
2021-01-18 14:15:00,36.25,0.08350019351428244
2021-01-18 14:30:00,36.25,0.08520994378189628
2021-01-18 14:45:00,36.25,0.08498485272084443
2021-01-18 15:00:00,36.25,0.08258511109617106
2021-01-18 15:15:00,36.25,0.08157214993344392
2021-01-18 15:30:00,36.25,0.08453521513135569
2021-01-18 15:45:00,36.25,0.07936581904246842
2021-01-18 16:00:00,36.25,0.07645862226440868
2021-01-18 16:15:00,36.25,0.07488978953165669
2021-01-18 16:30:00,36.25,0.07029910915712746
2021-01-18 16:45:00,36.25,0.0695576987389321
2021-01-18 17:00:00,36.25,0.07209150263596023
2021-01-18 17:15:00,36.25,0.07532792978669113
2021-01-18 17:30:00,36.25,0.07318023660869882
2021-01-18 17:45:00,36.25,0.07683456673709416
2021-01-18 18:00:00,36.25,0.07888299950414647
2021-01-18 18:15:00,36.25,0.07419210900430309
2021-01-18 18:30:00,36.25,0.07782328443961298
2021-01-18 18:45:00,36.25,0.0727687028758869
2021-01-18 19:00:00,36.25,0.06827765959530087
2021-01-18 19:15:00,36.25,0.06360426792253288
2021-01-18 19:30:00,36.25,0.0628779826082344
2021-01-18 19:45:00,36.25,0.05958456321461489
2021-01-18 20:00:00,36.25,0.06268380641947173
2021-01-18 20:15:00,36.25,0.06762860487177018
2021-01-18 20:30:00,36.25,0.07016886691915207
2021-01-18 20:45:00,36.25,0.07281261011663266
2021-01-18 21:00:00,36.25,0.07499067156963447
2021-01-18 21:15:00,36.25,0.07574726119700442
2021-01-18 21:30:00,36.25,0.0748013625293801
2021-01-18 21:45:00,36.25,0.07665771719962657
2021-01-18 22:00:00,36.25,0.07321529415772425
2021-01-18 22:15:00,36.25,0.07550581530899007
2021-01-18 22:30:00,36.25,0.07257176426929252
2021-01-18 22:45:00,36.25,0.07328055189770727
2021-01-18 23:00:00,36.25,0.07285974156683314
2021-01-18 23:15:00,36.25,0.07014681009962317
2021-01-18 23:30:00,36.25,0.07163462315746444
2021-01-18 23:45:00,36.25,0.07473439663969847
2021-01-19 00:00:00,36.25,0.07891573526419508
2021-01-19 00:15:00,36.25,0.08318482070003586
2021-01-19 00:30:00,36.25,0.08597048808844682
2021-01-19 00:45:00,36.25,0.08638898996672273
2021-01-19 01:00:00,36.25,0.08870022367572818
2021-01-19 01:15:00,36.25,0.08887072729948468
2021-01-19 01:30:00,36.25,0.08916284248525093
2021-01-19 01:45:00,36.25,0.08535817833503802
2021-01-19 02:00:00,36.25,0.081663151477464
2021-01-19 02:15:00,36.25,0.07457971392030285
2021-01-19 02:30:00,36.25,0.07175734345135715
2021-01-19 02:45:00,36.25,0.07178196216995011
2021-01-19 03:00:00,36.25,0.06538530594801822
2021-01-19 03:15:00,39.0,0.06995306651145473
2021-01-19 03:30:00,41.37,0.07205589806897378
2021-01-19 03:45:00,40.01,0.06917869989677561
2021-01-19 04:00:00,41.0,0.07247675166222944
2021-01-19 04:15:00,40.77,0.07752482812777949
2021-01-19 04:30:00,40.62,0.0795741892254509
2021-01-19 04:45:00,41.3,0.0837202091299095
2021-01-19 05:00:00,41.02,0.09101400248897853
2021-01-19 05:15:00,41.1,0.09439044109683838
2021-01-19 05:30:00,40.75,0.09771519269940249
2021-01-19 05:45:00,40.33,0.09997309430662048
2021-01-19 06:00:00,40.41,0.10288681797317042
2021-01-19 06:15:00,40.5,0.09766482850615851
2021-01-19 06:30:00,37.18,0.0952778877192381
2021-01-19 06:45:00,38.61,0.09010767896585865
2021-01-19 07:00:00,38.5,0.08952079166334634
2021-01-19 07:15:00,38.38,0.08885063322798838
2021-01-19 07:30:00,40.14,0.08070840076902475
2021-01-19 07:45:00,39.76,0.08013406834673376
2021-01-19 08:00:00,39.81,0.07290580650600526
2021-01-19 08:15:00,40.85,0.07637515665639209
2021-01-19 08:30:00,42.39,0.07015031856177036
2021-01-19 08:45:00,41.55,0.06744493386866719
2021-01-19 09:00:00,44.27,0.05338782079325055
2021-01-19 09:15:00,40.75,0.04120220057444275
2021-01-19 09:30:00,39.3804,0.03940845830233271
2021-01-19 09:45:00,37.6537,0.03851086516945892
2021-01-19 10:00:00,37.18,0.038339900619739006
2021-01-19 10:15:00,37.79,0.03387244506678521
2021-01-19 10:30:00,39.2237,0.038792851979259205
2021-01-19 10:45:00,38.4874,0.04020246378356861
2021-01-19 11:00:00,38.28,0.05106679745952388
2021-01-19 11:15:00,39.63,0.05939843603134731
2021-01-19 11:30:00,41.3501,0.0654804292126855
2021-01-19 11:45:00,40.9752,0.06911072967235407
2021-01-19 12:00:00,41.3725,0.07105699811906162
2021-01-19 12:15:00,42.0295,0.07210653884226899
2021-01-19 12:30:00,41.63,0.07133728148802533
2021-01-19 12:45:00,40.97,0.07374128148472386
2021-01-19 13:00:00,40.685,0.07387740853291333
2021-01-19 13:15:00,40.9444,0.07149206013760204
2021-01-19 13:30:00,40.1435,0.07008947408826993
2021-01-19 13:45:00,39.9,0.06970111308486857
2021-01-19 14:00:00,39.975,0.07236706401675298
2021-01-19 14:15:00,40.2607,0.0740747789076327
2021-01-19 14:30:00,40.4208,0.07677806233633871
2021-01-19 14:45:00,39.86,0.07581750491558052
2021-01-19 15:00:00,39.09,0.07571195124082358
2021-01-19 15:15:00,39.36,0.07634143697180365
2021-01-19 15:30:00,39.11,0.07539631468595302
2021-01-19 15:45:00,38.89,0.07637644285162899
2021-01-19 16:00:00,38.65,0.07548658967124802
2021-01-19 16:15:00,38.84,0.07825862330134696
2021-01-19 16:30:00,38.8,0.07812868157406429
2021-01-19 16:45:00,38.86,0.07923043712444997
2021-01-19 17:00:00,38.85,0.08323906581666801
2021-01-19 17:15:00,38.9,0.08549940964526852
2021-01-19 17:30:00,38.96,0.08556140101255855
2021-01-19 17:45:00,38.9,0.08988720422688659
2021-01-19 18:00:00,38.8,0.08988040988217971
2021-01-19 18:15:00,38.7,0.09175702497062604
2021-01-19 18:30:00,38.7,0.09328162510307728
2021-01-19 18:45:00,38.68,0.094234077971494
2021-01-19 19:00:00,38.6,0.09259472487830132
2021-01-19 19:15:00,38.6,0.09251958059306818
2021-01-19 19:30:00,38.6,0.09059691367346602
2021-01-19 19:45:00,38.6,0.08375793842086053
2021-01-19 20:00:00,38.6,0.087973433527366
2021-01-19 20:15:00,38.6,0.08659740009741775
2021-01-19 20:30:00,38.6,0.08716238650786523
2021-01-19 20:45:00,38.6,0.0914429659373393
2021-01-19 21:00:00,38.6,0.08938617798358559
2021-01-19 21:15:00,38.6,0.08272852762289067
2021-01-19 21:30:00,38.6,0.08669185912508315
2021-01-19 21:45:00,38.6,0.09076486726753805
2021-01-19 22:00:00,38.6,0.08322220112829753
2021-01-19 22:15:00,38.6,0.07764787544939265
2021-01-19 22:30:00,38.6,0.07425673827844258
2021-01-19 22:45:00,38.6,0.06897774165076395
2021-01-19 23:00:00,38.6,0.0683263138866926
2021-01-19 23:15:00,38.6,0.0777515012413457
2021-01-19 23:30:00,38.6,0.08114435894326553
2021-01-19 23:45:00,38.6,0.0841663164365102
2021-01-20 00:00:00,38.6,0.08138220641692316
2021-01-20 00:15:00,38.6,0.08602992677225223
2021-01-20 00:30:00,38.6,0.0852230765230138
2021-01-20 00:45:00,38.6,0.08776553321913098
2021-01-20 01:00:00,38.6,0.0920127910582276
2021-01-20 01:15:00,38.6,0.08334780561667496
2021-01-20 01:30:00,38.6,0.0718082176797525
2021-01-20 01:45:00,38.6,0.06391862433643612
2021-01-20 02:00:00,38.6,0.0714585399806079
2021-01-20 02:15:00,38.6,0.06668810530256453
2021-01-20 02:30:00,38.6,0.06796321820036819
2021-01-20 02:45:00,38.6,0.06848318201299504
2021-01-20 03:00:00,38.6,0.06137709587946653
2021-01-20 03:15:00,38.5,0.06746625605785578
2021-01-20 03:30:00,37.5,0.07202854663155692
2021-01-20 03:45:00,38.0,0.0730639214522169
2021-01-20 04:00:00,38.0,0.0707052812358785
2021-01-20 04:15:00,38.05,0.07843047988907716
2021-01-20 04:30:00,38.0,0.07641107191454716
2021-01-20 04:45:00,38.03,0.07875934518782042
2021-01-20 05:00:00,37.83,0.08182665911122684
2021-01-20 05:15:00,37.7,0.07864704176782329
2021-01-20 05:30:00,37.55,0.08078220534085262
2021-01-20 05:45:00,38.0,0.08391894188879549
2021-01-20 06:00:00,37.8,0.07961292215195338
2021-01-20 06:15:00,37.92,0.07705258881862005
2021-01-20 06:30:00,37.67,0.0837415465898019
2021-01-20 06:45:00,37.79,0.0750736386283385
2021-01-20 07:00:00,37.96,0.07394351986498549
2021-01-20 07:15:00,37.65,0.07483125239456559
2021-01-20 07:30:00,37.63,0.0747505717600959
2021-01-20 07:45:00,37.49,0.07155769273157588
2021-01-20 08:00:00,37.33,0.07615733035891033
2021-01-20 08:15:00,37.95,0.07318415902447868
2021-01-20 08:30:00,37.5,0.06610652133293723
2021-01-20 08:45:00,37.37,0.06526029686419679
2021-01-20 09:00:00,38.475,0.06499387266076052
2021-01-20 09:15:00,37.97,0.06231438663931805
2021-01-20 09:30:00,37.59,0.059833705538318
2021-01-20 09:45:00,36.693,0.058572819154483764
2021-01-20 10:00:00,37.77,0.05096586624652454
2021-01-20 10:15:00,36.86,0.04576757958202628
2021-01-20 10:30:00,38.07,0.04505525709689193
2021-01-20 10:45:00,38.76,0.0453592577582049
2021-01-20 11:00:00,39.995,0.04418226570808021
2021-01-20 11:15:00,39.28,0.04684766605428495
2021-01-20 11:30:00,39.11,0.04885961607052154
2021-01-20 11:45:00,38.6,0.05659558123532708
2021-01-20 12:00:00,38.6312,0.07006061430179578
2021-01-20 12:15:00,38.635,0.07699951120082936
2021-01-20 12:30:00,38.0,0.08201341333378301
2021-01-20 12:45:00,38.5367,0.08541453594732985
2021-01-20 13:00:00,39.19,0.08936981983757707
2021-01-20 13:15:00,39.275,0.093250132217554
2021-01-20 13:30:00,39.36,0.09707967112552644
2021-01-20 13:45:00,39.1357,0.09131717993194811
2021-01-20 14:00:00,39.3299,0.07682038997749757
2021-01-20 14:15:00,39.6,0.07666220851727099
2021-01-20 14:30:00,39.33,0.07597446350851272
2021-01-20 14:45:00,39.055,0.07936474041314963
2021-01-20 15:00:00,39.035,0.08043500165215066
2021-01-20 15:15:00,39.01,0.08223001985501514
2021-01-20 15:30:00,39.13,0.08387268579953197
2021-01-20 15:45:00,38.9,0.08693690281718065
2021-01-20 16:00:00,38.7,0.09430389928349527
2021-01-20 16:15:00,38.84,0.09794358070258416
2021-01-20 16:30:00,38.84,0.10302014428563319
2021-01-20 16:45:00,38.75,0.10430209712262595
2021-01-20 17:00:00,38.85,0.1043147361900209
2021-01-20 17:15:00,38.83,0.0999779444845292
2021-01-20 17:30:00,38.99,0.10268713585510433
2021-01-20 17:45:00,39.0,0.1019394100350582
2021-01-20 18:00:00,38.94,0.10492798808536183
2021-01-20 18:15:00,38.89,0.10102880818205928
2021-01-20 18:30:00,38.92,0.09532432536647147
2021-01-20 18:45:00,38.88,0.09735706524800236
2021-01-20 19:00:00,39.0,0.10035611621583877
2021-01-20 19:15:00,39.0,0.10255207163664398
2021-01-20 19:30:00,39.0,0.09616563000374524
2021-01-20 19:45:00,39.0,0.09552391830459596
2021-01-20 20:00:00,39.0,0.08929352374050577
2021-01-20 20:15:00,39.0,0.09583113934025071
2021-01-20 20:30:00,39.0,0.09756265703496117
2021-01-20 20:45:00,39.0,0.09283093933535555
2021-01-20 21:00:00,39.0,0.09452687062051109
2021-01-20 21:15:00,39.0,0.09448505294822865
2021-01-20 21:30:00,39.0,0.10151284929403967
2021-01-20 21:45:00,39.0,0.0994157597572324
2021-01-20 22:00:00,39.0,0.10317937408067732
2021-01-20 22:15:00,39.0,0.09721502723408626
2021-01-20 22:30:00,39.0,0.09940178178429279
2021-01-20 22:45:00,39.0,0.10083423556515472
2021-01-20 23:00:00,39.0,0.09668612320826193
2021-01-20 23:15:00,39.0,0.09544290111372505
2021-01-20 23:30:00,39.0,0.091590807013585
2021-01-20 23:45:00,39.0,0.09837096283974664
2021-01-21 00:00:00,39.0,0.09851943334544229
2021-01-21 00:15:00,39.0,0.10191209104756513
2021-01-21 00:30:00,39.0,0.10056245302671715
2021-01-21 00:45:00,39.0,0.09748484702548432
2021-01-21 01:00:00,39.0,0.09252155641392198
2021-01-21 01:15:00,39.0,0.09743063406820059
2021-01-21 01:30:00,39.0,0.09348831884931766
2021-01-21 01:45:00,39.0,0.08502152839360824
2021-01-21 02:00:00,39.0,0.07859772333803425
2021-01-21 02:15:00,39.0,0.0806773818467576
2021-01-21 02:30:00,39.0,0.08039010518708187
2021-01-21 02:45:00,39.0,0.08144261530450093
2021-01-21 03:00:00,39.0,0.08021416831721354
2021-01-21 03:15:00,39.0,0.08104953629531
2021-01-21 03:30:00,39.0,0.08043995343056923
2021-01-21 03:45:00,39.2,0.08145133643471068
2021-01-21 04:00:00,39.2,0.08067314338422407
2021-01-21 04:15:00,39.2,0.08036634365908663
2021-01-21 04:30:00,39.2,0.08404136879687897
2021-01-21 04:45:00,39.2,0.0811545535662856
2021-01-21 05:00:00,39.2,0.08393208797443538
2021-01-21 05:15:00,39.2,0.08321793735127557
2021-01-21 05:30:00,39.2,0.08735182962769833
2021-01-21 05:45:00,39.2,0.09353081078909228
2021-01-21 06:00:00,38.95,0.09726218365971843
2021-01-21 06:15:00,38.75,0.09186845056303147
2021-01-21 06:30:00,38.89,0.09516579825496806
2021-01-21 06:45:00,38.56,0.09668949277246429
2021-01-21 07:00:00,38.64,0.10423827887178104
2021-01-21 07:15:00,38.5501,0.09767662361609572
2021-01-21 07:30:00,38.77,0.09841931445249699
2021-01-21 07:45:00,39.26,0.09360898018176213
2021-01-21 08:00:00,39.2499,0.09107215531155474
2021-01-21 08:15:00,39.05,0.08913103006017213
2021-01-21 08:30:00,39.2,0.07363810163579157
2021-01-21 08:45:00,39.23,0.07324141192352593
2021-01-21 09:00:00,37.72,0.06440247001663131
2021-01-21 09:15:00,38.51,0.06607717145865977
2021-01-21 09:30:00,38.74,0.05983753886391634
2021-01-21 09:45:00,38.8038,0.05808179078163703
2021-01-21 10:00:00,40.345,0.060551163802441556
2021-01-21 10:15:00,39.8289,0.06175426775234942
2021-01-21 10:30:00,39.55,0.06021280597944799
2021-01-21 10:45:00,40.2259,0.05508711292962764
2021-01-21 11:00:00,41.5309,0.05175834928670511
2021-01-21 11:15:00,42.3,0.04516712897160811
2021-01-21 11:30:00,40.1943,0.04402790105214238
2021-01-21 11:45:00,39.0711,0.042314361969033244
2021-01-21 12:00:00,39.865,0.038254582687166985
2021-01-21 12:15:00,39.61,0.03402855906678979
2021-01-21 12:30:00,41.33,0.042947629041631116
2021-01-21 12:45:00,41.3582,0.04461239872221243
2021-01-21 13:00:00,41.12,0.04935752631030332
2021-01-21 13:15:00,42.2413,0.055337255083488454
2021-01-21 13:30:00,41.83,0.060689743693391356
2021-01-21 13:45:00,42.0205,0.06483100078005137
2021-01-21 14:00:00,41.5799,0.06277972784462418
2021-01-21 14:15:00,40.53,0.06732428288351855
2021-01-21 14:30:00,41.17,0.06744565520552405
2021-01-21 14:45:00,42.66,0.07046625075496313
2021-01-21 15:00:00,42.06,0.07330171696191878
2021-01-21 15:15:00,43.03,0.07300301729656992
2021-01-21 15:30:00,43.93,0.0704477664023076
2021-01-21 15:45:00,43.01,0.06784935660427967
2021-01-21 16:00:00,42.76,0.07450099038884223
2021-01-21 16:15:00,42.81,0.07559217926179848
2021-01-21 16:30:00,42.75,0.07440681597221657
2021-01-21 16:45:00,42.56,0.07729519986873114
2021-01-21 17:00:00,42.74,0.07909309387413975
2021-01-21 17:15:00,43.9,0.07948058410192266
2021-01-21 17:30:00,43.6,0.08183673650866626
2021-01-21 17:45:00,43.7,0.08173649779933966
2021-01-21 18:00:00,45.09,0.08062049110731191
2021-01-21 18:15:00,45.31,0.07688484423712835
2021-01-21 18:30:00,46.36,0.07540984336602775
2021-01-21 18:45:00,46.8,0.07538082532052197
2021-01-21 19:00:00,45.76,0.0710786968345318
2021-01-21 19:15:00,45.76,0.07303557640633762
2021-01-21 19:30:00,45.76,0.07204791578459835
2021-01-21 19:45:00,45.76,0.07002581139734994
2021-01-21 20:00:00,45.76,0.06824347736792082
2021-01-21 20:15:00,45.76,0.06833284479972916
2021-01-21 20:30:00,45.76,0.06855247490625463
2021-01-21 20:45:00,45.76,0.06524357362718256
2021-01-21 21:00:00,45.76,0.06477543682034366
2021-01-21 21:15:00,45.76,0.057933244859659755
2021-01-21 21:30:00,45.76,0.055507242706604315
2021-01-21 21:45:00,45.76,0.05787206946878239
2021-01-21 22:00:00,45.76,0.056339929903201
2021-01-21 22:15:00,45.76,0.05489740099378949
2021-01-21 22:30:00,45.76,0.05295963893449049
2021-01-21 22:45:00,45.76,0.05147870446155602
2021-01-21 23:00:00,45.76,0.024559296902822617
2021-01-21 23:15:00,45.76,0.0520433543215218
2021-01-21 23:30:00,45.76,0.051590040554179234
2021-01-21 23:45:00,45.76,0.039386172236772224
2021-01-22 00:00:00,45.76,0.02996734014719969
2021-01-22 00:15:00,45.76,0.022777164926044237
2021-01-22 00:30:00,45.76,0.022443535872503882
2021-01-22 00:45:00,45.76,0.019426449629365808
2021-01-22 01:00:00,45.76,0.04454995232115584
2021-01-22 01:15:00,45.76,0.016840963319463793
2021-01-22 01:30:00,45.76,0.015086900279740129
2021-01-22 01:45:00,45.76,0.02643472581894593
2021-01-22 02:00:00,45.76,0.03642614418078229
2021-01-22 02:15:00,45.76,0.04316050728417356
2021-01-22 02:30:00,45.76,0.04681276810687314
2021-01-22 02:45:00,45.76,0.04946186296421322
2021-01-22 03:00:00,45.76,0.04983743307462099
2021-01-22 03:15:00,44.66,0.053054906713184545
2021-01-22 03:30:00,45.27,0.054184559453904886
2021-01-22 03:45:00,44.26,0.05368483149893303
2021-01-22 04:00:00,45.35,0.05398611498107588
2021-01-22 04:15:00,45.1,0.05721397859076655
2021-01-22 04:30:00,45.1,0.061179778806693744
2021-01-22 04:45:00,44.14,0.06416698019780344
2021-01-22 05:00:00,44.35,0.06703476244879712
2021-01-22 05:15:00,44.76,0.0674894767366568
2021-01-22 05:30:00,45.0,0.06988129462320875
2021-01-22 05:45:00,45.15,0.07002606653734113
2021-01-22 06:00:00,45.0,0.06978135217635965
2021-01-22 06:15:00,44.81,0.06852575487630871
2021-01-22 06:30:00,44.58,0.06514092285388864
2021-01-22 06:45:00,45.52,0.06962082352556997
2021-01-22 07:00:00,45.31,0.07150530925450138
2021-01-22 07:15:00,44.7672,0.06950533770045984
2021-01-22 07:30:00,44.28,0.07144757134815188
2021-01-22 07:45:00,44.78,0.07327379855346097
2021-01-22 08:00:00,44.04,0.07505020394891342
2021-01-22 08:15:00,44.19,0.07683871088689069
2021-01-22 08:30:00,44.25,0.07739144251105068
2021-01-22 08:45:00,42.59,0.07212407972528459
2021-01-22 09:00:00,43.99,0.06587558403186788
2021-01-22 09:15:00,45.99,0.0676275534204375
2021-01-22 09:30:00,44.4,0.06425985650440333
2021-01-22 09:45:00,45.5,0.06258982083693275
2021-01-22 10:00:00,46.8277,0.06485191219931023
2021-01-22 10:15:00,47.687,0.06506991528827101
2021-01-22 10:30:00,47.8188,0.06314956321872252
2021-01-22 10:45:00,48.56,0.0654257815212865
2021-01-22 11:00:00,51.2288,0.07179022110511746
2021-01-22 11:15:00,52.2,0.07128872006990492
2021-01-22 11:30:00,55.785,0.06806400401156801
2021-01-22 11:45:00,61.4907,0.06223349787946625
2021-01-22 12:00:00,68.0,0.05470682995382436
2021-01-22 12:15:00,70.385,0.05275780582171013
2021-01-22 12:30:00,57.7549,0.052427052792750735
2021-01-22 12:45:00,59.2252,0.05136020055907377
2021-01-22 13:00:00,61.31,0.04766815496640224
2021-01-22 13:15:00,54.9955,0.05037712648211794
2021-01-22 13:30:00,58.1695,0.05441622087646632
2021-01-22 13:45:00,59.5938,0.06163408302231539
2021-01-22 14:00:00,59.825,0.06767615466590435
2021-01-22 14:15:00,59.185,0.07085714267353813
2021-01-22 14:30:00,57.36,0.07551702008541367
2021-01-22 14:45:00,61.139,0.07494498504694411
2021-01-22 15:00:00,60.761,0.08120523083428047
2021-01-22 15:15:00,65.0,0.08396707048962879
2021-01-22 15:30:00,63.84,0.08900655160885376
2021-01-22 15:45:00,65.55,0.09281254724663668
2021-01-22 16:00:00,67.27,0.09820734824882908
2021-01-22 16:15:00,67.5,0.10226859807056927
2021-01-22 16:30:00,66.9,0.10500993919398159
2021-01-22 16:45:00,66.89,0.1091949943162128
2021-01-22 17:00:00,64.44,0.10933493753120264
2021-01-22 17:15:00,64.0,0.11182124775671444
2021-01-22 17:30:00,64.12,0.11321401563631192
2021-01-22 17:45:00,63.75,0.11413150448107491
2021-01-22 18:00:00,63.66,0.11291910788682392
2021-01-22 18:15:00,63.6,0.1140275503120387
2021-01-22 18:30:00,62.6,0.11263072591177657
2021-01-22 18:45:00,62.2,0.1181078915659917
2021-01-22 19:00:00,62.47,0.1154526130236772
2021-01-22 19:15:00,62.47,0.11565276926371038
2021-01-22 19:30:00,62.47,0.11567686574417757
2021-01-22 19:45:00,62.47,0.1141266559254681
2021-01-22 20:00:00,62.47,0.11515281693817533
2021-01-22 20:15:00,62.47,0.11366026712054003
2021-01-22 20:30:00,62.47,0.11517570852087575
2021-01-22 20:45:00,62.47,0.11077643863257214
2021-01-22 21:00:00,62.47,0.1128257404642659
2021-01-22 21:15:00,62.47,0.11043037503876375
2021-01-22 21:30:00,62.47,0.10911678356770838
2021-01-22 21:45:00,62.47,0.11486165198876097
2021-01-22 22:00:00,62.47,0.11723252133719074
2021-01-22 22:15:00,62.47,0.11639869987720834
2021-01-22 22:30:00,62.47,0.11627066488358047
2021-01-22 22:45:00,62.47,0.11902652828452584
2021-01-22 23:00:00,62.47,0.12198369752932035
2021-01-22 23:15:00,62.47,0.12263135949036053
2021-01-22 23:30:00,62.47,0.12270780111959123
2021-01-22 23:45:00,62.47,0.11834760836536405
2021-01-23 00:00:00,62.47,0.1142916230524409
2021-01-23 00:15:00,62.47,0.11041429117048637
2021-01-23 00:30:00,62.47,0.11389838677017487
2021-01-23 00:45:00,62.47,0.11185755280447812
2021-01-23 01:00:00,62.47,0.11319850955755165
2021-01-23 01:15:00,62.47,0.11058793983929383
2021-01-23 01:30:00,62.47,0.11207567912236845
2021-01-23 01:45:00,62.47,0.11244967429202848
2021-01-23 02:00:00,62.47,0.1167986295780166
2021-01-23 02:15:00,62.47,0.12497139765788777
2021-01-23 02:30:00,62.47,0.12666401666624308
2021-01-23 02:45:00,62.47,0.12695389583891492
2021-01-23 03:00:00,62.47,0.12530881075342645
2021-01-23 03:15:00,62.47,0.13103345720125736
2021-01-23 03:30:00,62.47,0.13613780029664074
2021-01-23 03:45:00,62.47,0.13995319578126109
2021-01-23 04:00:00,62.47,0.1362318360724844
2021-01-23 04:15:00,62.47,0.13286391281452634
2021-01-23 04:30:00,62.47,0.12992563190700698
2021-01-23 04:45:00,62.47,0.13525386791208416
2021-01-23 05:00:00,62.47,0.13129143952589714
2021-01-23 05:15:00,62.47,0.12661748575727316
2021-01-23 05:30:00,62.47,0.11880330420377928
2021-01-23 05:45:00,62.47,0.12541967099670856
2021-01-23 06:00:00,62.47,0.12826583836879868
2021-01-23 06:15:00,62.47,0.12835673706194972
2021-01-23 06:30:00,62.47,0.12795248053741903
2021-01-23 06:45:00,62.47,0.1246366542460703
2021-01-23 07:00:00,62.47,0.13062652332417804
2021-01-23 07:15:00,62.47,0.1406754638003685
2021-01-23 07:30:00,62.47,0.1466861187567955
2021-01-23 07:45:00,62.47,0.1390758645901288
2021-01-23 08:00:00,62.47,0.13849253228937128
2021-01-23 08:15:00,62.47,0.14227471646305573
2021-01-23 08:30:00,62.47,0.14326867831398052
2021-01-23 08:45:00,62.47,0.1399610467067609
2021-01-23 09:00:00,62.47,0.1318401434648489
2021-01-23 09:15:00,62.47,0.12317799794453728
2021-01-23 09:30:00,62.47,0.12077569641144681
2021-01-23 09:45:00,62.47,0.118643722113694
2021-01-23 10:00:00,62.47,0.1170746018672676
2021-01-23 10:15:00,62.47,0.11148086056867026
2021-01-23 10:30:00,62.47,0.10803160660429871
2021-01-23 10:45:00,62.47,0.10621094591694685
2021-01-23 11:00:00,62.47,0.10815683543363355
2021-01-23 11:15:00,62.47,0.10959662912492751
2021-01-23 11:30:00,62.47,0.1059731076127505
2021-01-23 11:45:00,62.47,0.10409656998219677
2021-01-23 12:00:00,62.47,0.09659604743563271
2021-01-23 12:15:00,62.47,0.09928655579663431
2021-01-23 12:30:00,62.47,0.09831390175044248
2021-01-23 12:45:00,62.47,0.09590134390411002
2021-01-23 13:00:00,62.47,0.09534426927963223
2021-01-23 13:15:00,62.47,0.09373536641889521
2021-01-23 13:30:00,62.47,0.0972063438226524
2021-01-23 13:45:00,62.47,0.09583944471520063
2021-01-23 14:00:00,62.47,0.10263035538380472
2021-01-23 14:15:00,62.47,0.09915313299991932
2021-01-23 14:30:00,62.47,0.09872835869436376
2021-01-23 14:45:00,62.47,0.09811888492035578
2021-01-23 15:00:00,62.47,0.1018689352166135
2021-01-23 15:15:00,62.47,0.09820508939746235
2021-01-23 15:30:00,62.47,0.09428873258652018
2021-01-23 15:45:00,62.47,0.09879710786808857
2021-01-23 16:00:00,62.47,0.09183440235140808
2021-01-23 16:15:00,62.47,0.08894781345339675
2021-01-23 16:30:00,62.47,0.08837364570166066
2021-01-23 16:45:00,62.47,0.08910101016787461
2021-01-23 17:00:00,62.47,0.09200834156856848
2021-01-23 17:15:00,62.47,0.09627479952519093
2021-01-23 17:30:00,62.47,0.09232411627891947
2021-01-23 17:45:00,62.47,0.08632425997069422
2021-01-23 18:00:00,62.47,0.0904529068573153
2021-01-23 18:15:00,62.47,0.09614862245548714
2021-01-23 18:30:00,62.47,0.09258191959422356
2021-01-23 18:45:00,62.47,0.09623682494557068
2021-01-23 19:00:00,62.47,0.09042885796153133
2021-01-23 19:15:00,62.47,0.0887244941035583
2021-01-23 19:30:00,62.47,0.09846706620725004
2021-01-23 19:45:00,62.47,0.10548490590629744
2021-01-23 20:00:00,62.47,0.10822556130205427
2021-01-23 20:15:00,62.47,0.10809683597585151
2021-01-23 20:30:00,62.47,0.11206295155572171
2021-01-23 20:45:00,62.47,0.11224886899660722
2021-01-23 21:00:00,62.47,0.11052952632419344
2021-01-23 21:15:00,62.47,0.10807987899639476
2021-01-23 21:30:00,62.47,0.10201944887449572
2021-01-23 21:45:00,62.47,0.09310640164174075
2021-01-23 22:00:00,62.47,0.09251793951478071
2021-01-23 22:15:00,62.47,0.09092033297889314
2021-01-23 22:30:00,62.47,0.09218638517205578
2021-01-23 22:45:00,62.47,0.09189918561638262
2021-01-23 23:00:00,62.47,0.0942288440570121
2021-01-23 23:15:00,62.47,0.09718091246970198
2021-01-23 23:30:00,62.47,0.10007136921718202
2021-01-23 23:45:00,62.47,0.10232315710159309
2021-01-24 00:00:00,62.47,0.10267845731580143
2021-01-24 00:15:00,62.47,0.1052429969297617
2021-01-24 00:30:00,62.47,0.10239944819777691
2021-01-24 00:45:00,62.47,0.09530508718017401
2021-01-24 01:00:00,62.47,0.0909817874351967
2021-01-24 01:15:00,62.47,0.085999281851471
2021-01-24 01:30:00,62.47,0.07783254868270818
2021-01-24 01:45:00,62.47,0.07509447346260173
2021-01-24 02:00:00,62.47,0.07174734474388343
2021-01-24 02:15:00,62.47,0.06561114584820674
2021-01-24 02:30:00,62.47,0.06487560070298663
2021-01-24 02:45:00,62.47,0.07268692153082944
2021-01-24 03:00:00,62.47,0.06802138624787568
2021-01-24 03:15:00,62.47,0.07525017691186855
2021-01-24 03:30:00,62.47,0.0778302729760085
2021-01-24 03:45:00,62.47,0.0891153691861772
2021-01-24 04:00:00,62.47,0.0909485312715479
2021-01-24 04:15:00,62.47,0.1000444347170607
2021-01-24 04:30:00,62.47,0.09437673775794442
2021-01-24 04:45:00,62.47,0.0982544249782959
2021-01-24 05:00:00,62.47,0.1051735145692605
2021-01-24 05:15:00,62.47,0.09479505044654243
2021-01-24 05:30:00,62.47,0.0892709422967627
2021-01-24 05:45:00,62.47,0.07385479118167748
2021-01-24 06:00:00,62.47,0.07303466887743665
2021-01-24 06:15:00,62.47,0.07526811439025716
2021-01-24 06:30:00,62.47,0.07563822612210072
2021-01-24 06:45:00,62.47,0.05043982696565901
2021-01-24 07:00:00,62.47,0.04012734613253864
2021-01-24 07:15:00,62.47,0.038327132005731075
2021-01-24 07:30:00,62.47,0.03011259412376478
2021-01-24 07:45:00,62.47,0.03293962017102579
2021-01-24 08:00:00,62.47,0.02829585481766222
2021-01-24 08:15:00,62.47,0.00976624789942323
2021-01-24 08:30:00,62.47,0.013333564413184701
2021-01-24 08:45:00,62.47,0.025391751913184702
2021-01-24 09:00:00,62.47,0.02680238393721942
2021-01-24 09:15:00,62.47,0.03813526004021378
2021-01-24 09:30:00,62.47,0.05120136453756828
2021-01-24 09:45:00,62.47,0.05879031688166382
2021-01-24 10:00:00,62.47,0.05610855135753877
2021-01-24 10:15:00,62.47,0.060310304914820125
2021-01-24 10:30:00,62.47,0.07475303113610138
2021-01-24 10:45:00,62.47,0.07876637141387915
2021-01-24 11:00:00,62.47,0.08465938123586494
2021-01-24 11:15:00,62.47,0.08301412634206509
2021-01-24 11:30:00,62.47,0.08929045574627913
2021-01-24 11:45:00,62.47,0.08873967799994743
2021-01-24 12:00:00,62.47,0.09437262318931464
2021-01-24 12:15:00,62.47,0.0964117425759133
2021-01-24 12:30:00,62.47,0.08481364013937803
2021-01-24 12:45:00,62.47,0.08961459183240318
2021-01-24 13:00:00,62.47,0.1054378437962322
2021-01-24 13:15:00,62.47,0.1139202707334026
2021-01-24 13:30:00,62.47,0.10940265515273676
2021-01-24 13:45:00,62.47,0.11036467065383884
2021-01-24 14:00:00,62.47,0.11261328844230038
2021-01-24 14:15:00,62.47,0.11473807980659646
2021-01-24 14:30:00,62.47,0.11236210889584411
2021-01-24 14:45:00,62.47,0.12104576320603291
2021-01-24 15:00:00,62.47,0.11101387460521689
2021-01-24 15:15:00,62.47,0.10444174300657295
2021-01-24 15:30:00,62.47,0.10840234718800454
2021-01-24 15:45:00,62.47,0.10927097619426215
2021-01-24 16:00:00,62.47,0.11506753838607675
2021-01-24 16:15:00,62.47,0.11954993907618017
2021-01-24 16:30:00,62.47,0.12148493077333072
2021-01-24 16:45:00,62.47,0.10245528756139269
2021-01-24 17:00:00,62.47,0.0923445387783078
2021-01-24 17:15:00,62.47,0.08751192675927373
2021-01-24 17:30:00,62.47,0.08674658233202916
2021-01-24 17:45:00,62.47,0.0783475192181084
2021-01-24 18:00:00,62.47,0.06796891576026817
2021-01-24 18:15:00,62.47,0.06468322012611509
2021-01-24 18:30:00,62.47,0.06420263627906109
2021-01-24 18:45:00,62.47,0.070102970398216
2021-01-24 19:00:00,62.47,0.07302477901680618
2021-01-24 19:15:00,62.47,0.0759646090860293
2021-01-24 19:30:00,62.47,0.07322455406971266
2021-01-24 19:45:00,62.47,0.07160820143143533
2021-01-24 20:00:00,62.47,0.07008583940854389
2021-01-24 20:15:00,62.47,0.07041901252852736
2021-01-24 20:30:00,62.47,0.06423846405779898
2021-01-24 20:45:00,62.47,0.06226486376526466
2021-01-24 21:00:00,62.47,0.06064374436973213
2021-01-24 21:15:00,62.47,0.05632294311992562
2021-01-24 21:30:00,62.47,0.05823206373557848
2021-01-24 21:45:00,62.47,0.06335351076742697
2021-01-24 22:00:00,62.47,0.06409723254666512
2021-01-24 22:15:00,62.47,0.0594852353540477
2021-01-24 22:30:00,62.47,0.06373804782986225
2021-01-24 22:45:00,62.47,0.06716175722131666
2021-01-24 23:00:00,62.47,0.06764396273510112
2021-01-24 23:15:00,62.47,0.0676144412149546
2021-01-24 23:30:00,62.47,0.06507664034646825
2021-01-24 23:45:00,62.47,0.05852272876704101
2021-01-25 00:00:00,62.47,0.05975377938903879
2021-01-25 00:15:00,62.47,0.0663823716530402
2021-01-25 00:30:00,62.47,0.06564021398674467
2021-01-25 00:45:00,62.47,0.06166110495451794
2021-01-25 01:00:00,62.47,0.05911440780004639
2021-01-25 01:15:00,62.47,0.06198037778932828
2021-01-25 01:30:00,62.47,0.055841906842949304
2021-01-25 01:45:00,62.47,0.05582009632707629
2021-01-25 02:00:00,62.47,0.05515903368405568
2021-01-25 02:15:00,62.47,0.04878163174418417
2021-01-25 02:30:00,62.47,0.04237769362208729
2021-01-25 02:45:00,62.47,0.042160317236750545
2021-01-25 03:00:00,62.47,0.04313787646018761
2021-01-25 03:15:00,72.5,0.03410085344060269
2021-01-25 03:30:00,81.49,0.028083960636231933
2021-01-25 03:45:00,94.79,0.030465648385484174
2021-01-25 04:00:00,110.03,0.03010770481732464
2021-01-25 04:15:00,106.77,0.029163861689046947
2021-01-25 04:30:00,103.99,0.035133699772154726
2021-01-25 04:45:00,88.5,0.03485048033905359
2021-01-25 05:00:00,93.62,0.04059234687501187
2021-01-25 05:15:00,96.93,0.041211874083718666
2021-01-25 05:30:00,95.7,0.04608349632343274
2021-01-25 05:45:00,97.0,0.051178164462610254
2021-01-25 06:00:00,93.5,0.055247089755915996
2021-01-25 06:15:00,94.48,0.0566909585633091
2021-01-25 06:30:00,94.9,0.05658545211396135
2021-01-25 06:45:00,92.0,0.05825677519991443
2021-01-25 07:00:00,88.92,0.05675114824334228
2021-01-25 07:15:00,91.71,0.05960648187993054
2021-01-25 07:30:00,98.06,0.06510720448562511
2021-01-25 07:45:00,99.77,0.058135676825672174
2021-01-25 08:00:00,99.9,0.05727451496268135
2021-01-25 08:15:00,98.265,0.05907055587029224
2021-01-25 08:30:00,99.11,0.055011696548484215
2021-01-25 08:45:00,96.73,0.05154910369147776
2021-01-25 09:00:00,93.33,0.05206212735126087
2021-01-25 09:15:00,89.685,0.05254660664773722
2021-01-25 09:30:00,95.6923,0.04880037050550346
2021-01-25 09:45:00,119.96,0.04897463999983135
2021-01-25 10:00:00,144.44,0.03249180836400419
2021-01-25 10:15:00,117.07,0.021170049961082637
2021-01-25 10:30:00,92.0,0.020221986310644553
2021-01-25 10:45:00,96.0,0.023883074308425508
2021-01-25 11:00:00,104.608,0.02515115418295856
2021-01-25 11:15:00,99.99,0.021628970419929255
2021-01-25 11:30:00,78.0,0.023109536461275205
2021-01-25 11:45:00,76.34,0.024715396010588475
2021-01-25 12:00:00,72.8,0.03511380918784217
2021-01-25 12:15:00,69.3,0.04423877873625175
2021-01-25 12:30:00,75.6678,0.04974392710834403
2021-01-25 12:45:00,68.98,0.05372063867420265
2021-01-25 13:00:00,73.23,0.04890051156961292
2021-01-25 13:15:00,76.6241,0.05502518910695473
2021-01-25 13:30:00,78.879,0.05754960250350024
2021-01-25 13:45:00,82.1201,0.05773476177428656
2021-01-25 14:00:00,82.5,0.05343521573763141
2021-01-25 14:15:00,77.19,0.04973401584372965
2021-01-25 14:30:00,74.0256,0.05255111076658122
2021-01-25 14:45:00,78.99,0.0492060590793099
2021-01-25 15:00:00,79.1,0.05436348943609594
2021-01-25 15:15:00,76.7698,0.056417973701830194
2021-01-25 15:30:00,76.2,0.06220413452421958
2021-01-25 15:45:00,76.69,0.06808322562349538
2021-01-25 16:00:00,76.8,0.07931915235323717
2021-01-25 16:15:00,78.39,0.08970885196232237
2021-01-25 16:30:00,83.1,0.0862987896087904
2021-01-25 16:45:00,82.03,0.0863245764050396
2021-01-25 17:00:00,82.12,0.08832334454497864
2021-01-25 17:15:00,81.71,0.08801895068775127
2021-01-25 17:30:00,82.15,0.08405111610905908
2021-01-25 17:45:00,82.0,0.08030765455156577
2021-01-25 18:00:00,83.06,0.0774223458827851
2021-01-25 18:15:00,82.9,0.07349532641814771
2021-01-25 18:30:00,88.8,0.0731577147123248
2021-01-25 18:45:00,88.21,0.07394696484812584
2021-01-25 19:00:00,87.54,0.07291703910205197
2021-01-25 19:15:00,87.54,0.07287839238403539
2021-01-25 19:30:00,87.54,0.06789148730319378
2021-01-25 19:45:00,87.54,0.06377751984000231
2021-01-25 20:00:00,87.54,0.0639348887089974
2021-01-25 20:15:00,87.54,0.06630090818150162
2021-01-25 20:30:00,87.54,0.06674000463815997
2021-01-25 20:45:00,87.54,0.07100571231527417
2021-01-25 21:00:00,87.54,0.06774917617185958
2021-01-25 21:15:00,87.54,0.06138600448611729
2021-01-25 21:30:00,87.54,0.06485900670916028
2021-01-25 21:45:00,87.54,0.06943576095551236
2021-01-25 22:00:00,87.54,0.06742991508965793
2021-01-25 22:15:00,87.54,0.0626974762596533
2021-01-25 22:30:00,87.54,0.052936618746428556
2021-01-25 22:45:00,87.54,0.04541674213873775
2021-01-25 23:00:00,87.54,0.040737869761115375
2021-01-25 23:15:00,87.54,0.035792850203919806
2021-01-25 23:30:00,87.54,0.03666419583615949
2021-01-25 23:45:00,87.54,0.04125539079089273
2021-01-26 00:00:00,87.54,0.03978504022642451
2021-01-26 00:15:00,87.54,0.0421125640896786
2021-01-26 00:30:00,87.54,0.0527555833479947
2021-01-26 00:45:00,87.54,0.05420673239010796
2021-01-26 01:00:00,87.54,0.056056445861310124
2021-01-26 01:15:00,87.54,0.06156893863239447
2021-01-26 01:30:00,87.54,0.06365802473179734
2021-01-26 01:45:00,87.54,0.05984248912619782
2021-01-26 02:00:00,87.54,0.06518976062164006
2021-01-26 02:15:00,87.54,0.07316319144428965
2021-01-26 02:30:00,87.54,0.06660318711861436
2021-01-26 02:45:00,87.54,0.07350725691622721
2021-01-26 03:00:00,87.54,0.08349170516417839
2021-01-26 03:15:00,90.0,0.08097513004015287
2021-01-26 03:30:00,94.0,0.0746922037581016
2021-01-26 03:45:00,94.1,0.06842205387983014
2021-01-26 04:00:00,95.4,0.07142990687144599
2021-01-26 04:15:00,94.25,0.06421593601232425
2021-01-26 04:30:00,91.11,0.06733361604955876
2021-01-26 04:45:00,87.75,0.0626040368774644
2021-01-26 05:00:00,89.25,0.055253768498766904
2021-01-26 05:15:00,89.0,0.06260375799456523
2021-01-26 05:30:00,90.0,0.0727886446224722
2021-01-26 05:45:00,89.2,0.08580344983667258
2021-01-26 06:00:00,89.3,0.08450858369220267
2021-01-26 06:15:00,88.89,0.0910094915747135
2021-01-26 06:30:00,88.76,0.09066570482998745
2021-01-26 06:45:00,93.38,0.0949035233902474
2021-01-26 07:00:00,92.62,0.09182887283825307
2021-01-26 07:15:00,91.62,0.08621812689940932
2021-01-26 07:30:00,89.99,0.07723393247205944
2021-01-26 07:45:00,89.3,0.06853248869480921
2021-01-26 08:00:00,88.31,0.06448935556857899
2021-01-26 08:15:00,89.0,0.049470756457277776
2021-01-26 08:30:00,86.0,0.04467705351629728
2021-01-26 08:45:00,88.56,0.034816118869006214
2021-01-26 09:00:00,86.95,0.031850655011790414
2021-01-26 09:15:00,87.575,0.02630092601593456
2021-01-26 09:30:00,87.27,0.023631970242697954
2021-01-26 09:45:00,82.3801,0.022827876848394064
2021-01-26 10:00:00,87.6101,0.022403386969788632
2021-01-26 10:15:00,87.62,0.019990973593869157
2021-01-26 10:30:00,83.0,0.02507010195557785
2021-01-26 10:45:00,87.4199,0.027788886131562576
2021-01-26 11:00:00,88.0101,0.030147995878540015
2021-01-26 11:15:00,87.685,0.0378233535693724
2021-01-26 11:30:00,89.1184,0.039915343249278014
2021-01-26 11:45:00,92.51,0.03636575373172464
2021-01-26 12:00:00,98.68,0.03624721194775317
2021-01-26 12:15:00,105.3137,0.04367106199928185
2021-01-26 12:30:00,102.77,0.04300914198424837
2021-01-26 12:45:00,112.2334,0.04505963914089013
2021-01-26 13:00:00,117.38,0.049993100414058356
2021-01-26 13:15:00,114.2538,0.05017834826461472
2021-01-26 13:30:00,118.295,0.05020766237676704
2021-01-26 13:45:00,122.3699,0.05289137978456942
2021-01-26 14:00:00,132.235,0.0547910604832136
2021-01-26 14:15:00,131.6913,0.05313567539490599
2021-01-26 14:30:00,144.72,0.05322074140446392
2021-01-26 14:45:00,148.3118,0.05255512207521372
2021-01-26 15:00:00,147.77,0.05496249621113136
2021-01-26 15:15:00,146.2,0.0541543405688466
2021-01-26 15:30:00,165.06,0.05258853947990296
2021-01-26 15:45:00,184.99,0.055478397392452874
2021-01-26 16:00:00,202.55,0.05548010290095311
2021-01-26 16:15:00,224.6,0.055665738698674486
2021-01-26 16:30:00,224.25,0.061447201868563124
2021-01-26 16:45:00,217.27,0.06284735844912585
2021-01-26 17:00:00,212.5,0.05713549310408829
2021-01-26 17:15:00,208.1,0.059342933026440364
2021-01-26 17:30:00,207.02,0.0603215002488567
2021-01-26 17:45:00,214.0,0.06039480181025645
2021-01-26 18:00:00,220.96,0.06176979142046164
2021-01-26 18:15:00,225.0,0.06517372144907078
2021-01-26 18:30:00,223.5,0.06535710429732729
2021-01-26 18:45:00,222.5,0.06542478319980698
2021-01-26 19:00:00,216.61,0.0669356684645536
2021-01-26 19:15:00,216.61,0.06847527875344117
2021-01-26 19:30:00,216.61,0.06843148947134708
2021-01-26 19:45:00,216.61,0.06633687479870913
2021-01-26 20:00:00,216.61,0.06378070766043333
2021-01-26 20:15:00,216.61,0.06553566774880111
2021-01-26 20:30:00,216.61,0.06335535994070225
2021-01-26 20:45:00,216.61,0.06150159905130822
2021-01-26 21:00:00,216.61,0.06216629367534994
2021-01-26 21:15:00,216.61,0.06253135477628295
2021-01-26 21:30:00,216.61,0.0664367613943886
2021-01-26 21:45:00,216.61,0.06917398869114613
2021-01-26 22:00:00,216.61,0.07212818122741102
2021-01-26 22:15:00,216.61,0.07110809292526872
2021-01-26 22:30:00,216.61,0.07371355752448332
2021-01-26 22:45:00,216.61,0.07541585878319727
2021-01-26 23:00:00,216.61,0.07334560267755597
2021-01-26 23:15:00,216.61,0.07379638466795783
2021-01-26 23:30:00,216.61,0.07286171284755553
2021-01-26 23:45:00,216.61,0.0703354463583918
2021-01-27 00:00:00,216.61,0.07283849239281115
2021-01-27 00:15:00,216.61,0.07351319142592717
2021-01-27 00:30:00,216.61,0.07015962315177066
2021-01-27 00:45:00,216.61,0.07144436137140883
2021-01-27 01:00:00,216.61,0.07671036089062962
2021-01-27 01:15:00,216.61,0.07428536183604155
2021-01-27 01:30:00,216.61,0.07449451522497436
2021-01-27 01:45:00,216.61,0.07434009799175073
2021-01-27 02:00:00,216.61,0.07206624344160852
2021-01-27 02:15:00,216.61,0.0669079570396826
2021-01-27 02:30:00,216.61,0.07375459718510245
2021-01-27 02:45:00,216.61,0.07422795860317839
2021-01-27 03:00:00,216.61,0.06901981666290709
2021-01-27 03:15:00,246.66,0.06980989148519534
2021-01-27 03:30:00,249.77,0.06465319026529313
2021-01-27 03:45:00,267.95,0.06576184336606831
2021-01-27 04:00:00,282.5,0.05998517894812634
2021-01-27 04:15:00,299.5,0.06164343080284674
2021-01-27 04:30:00,332.0,0.05504134797523455
2021-01-27 04:45:00,321.73,0.05173589979735105
2021-01-27 05:00:00,352.0,0.04663869897605406
2021-01-27 05:15:00,351.89,0.03552952530737263
2021-01-27 05:30:00,293.1,0.025930228189156766
2021-01-27 05:45:00,242.2,0.009535543405179711
2021-01-27 06:00:00,236.97,0.0017595953485090004
2021-01-27 06:15:00,199.5,-0.0035215338295346886
2021-01-27 06:30:00,256.01,-0.010384433188106019
2021-01-27 06:45:00,247.99,-0.013762981708792596
2021-01-27 07:00:00,245.02,-0.00953078308953976
2021-01-27 07:15:00,230.0,-0.00154290332770104
2021-01-27 07:30:00,202.6,0.014863620892779579
2021-01-27 07:45:00,207.39,0.03128776839763871
2021-01-27 08:00:00,227.9,0.039352376794802184
2021-01-27 08:15:00,231.15,0.041553267492852805
2021-01-27 08:30:00,249.0,0.04165670750436903
2021-01-27 08:45:00,354.83,0.03796837490727947
2021-01-27 09:00:00,312.6,0.033705987169559845
2021-01-27 09:15:00,310.32,0.030344714111692733
2021-01-27 09:30:00,262.2,0.02322176119997624
2021-01-27 09:45:00,276.18,0.01984728367440594
2021-01-27 10:00:00,307.6174,0.020809606368144294
2021-01-27 10:15:00,371.182,0.02195648976514998
2021-01-27 10:30:00,352.5788,0.026357774784823873
2021-01-27 10:45:00,363.53,0.031007335461512103
2021-01-27 11:00:00,350.0,0.03295870245966896
2021-01-27 11:15:00,312.61,0.033536906171627336
2021-01-27 11:30:00,333.3667,0.03442803202651594
2021-01-27 11:45:00,302.55,0.03559162361342638
2021-01-27 12:00:00,324.455,0.032413770887786963
2021-01-27 12:15:00,341.0407,0.03301680659662444
2021-01-27 12:30:00,325.61,0.0300732054689431
2021-01-27 12:45:00,323.01,0.03460793127107256
2021-01-27 13:00:00,328.09,0.03970890493113696
2021-01-27 13:15:00,326.07,0.04338800530326589
2021-01-27 13:30:00,320.3603,0.046866681333752186
2021-01-27 13:45:00,301.2236,0.047435639256244895
2021-01-27 14:00:00,309.3616,0.05090615518193827
2021-01-27 14:15:00,318.01,0.05255533808107597
2021-01-27 14:30:00,343.1738,0.0573911373673813
2021-01-27 14:45:00,335.8247,0.056425754700792696
2021-01-27 15:00:00,338.13,0.05591918730786837
2021-01-27 15:15:00,347.51,0.0550720918651697
2021-01-27 15:30:00,332.65,0.0554579873567261
2021-01-27 15:45:00,338.83,0.05754541997211172
2021-01-27 16:00:00,333.72,0.06045121065658045
2021-01-27 16:15:00,327.36,0.06047587801060425
2021-01-27 16:30:00,303.3,0.060679352981987136
2021-01-27 16:45:00,317.11,0.06044390597470272
2021-01-27 17:00:00,315.41,0.061047398896762486
2021-01-27 17:15:00,319.0,0.06328235153356772
2021-01-27 17:30:00,316.0,0.06212061661801927
2021-01-27 17:45:00,314.05,0.05300332371652337
2021-01-27 18:00:00,316.0,0.03766804804312274
2021-01-27 18:15:00,248.99,0.03524831189104146
2021-01-27 18:30:00,278.01,0.038321261160922174
2021-01-27 18:45:00,258.01,0.037120847486719136
2021-01-27 19:00:00,291.77,0.03624601062332498
2021-01-27 19:15:00,291.77,0.037419076126982045
2021-01-27 19:30:00,291.77,0.04253147554143677
2021-01-27 19:45:00,291.77,0.05415070090598999
2021-01-27 20:00:00,291.77,0.07158184020058288
2021-01-27 20:15:00,291.77,0.07709085799480414
2021-01-27 20:30:00,291.77,0.07856974061221371
2021-01-27 20:45:00,291.77,0.0830435988174762
2021-01-27 21:00:00,291.77,0.08899768444865028
2021-01-27 21:15:00,291.77,0.09174772429619645
2021-01-27 21:30:00,291.77,0.09237896321139319
2021-01-27 21:45:00,291.77,0.09371906645412399
2021-01-27 22:00:00,291.77,0.09602272810420046
2021-01-27 22:15:00,291.77,0.09564128299252417
2021-01-27 22:30:00,291.77,0.0958224005016121
2021-01-27 22:45:00,291.77,0.09447494355473923
2021-01-27 23:00:00,291.77,0.09262867150010065
2021-01-27 23:15:00,291.77,0.09171454896087189
2021-01-27 23:30:00,291.77,0.0902641444341841
2021-01-27 23:45:00,291.77,0.08842941834404924
2021-01-28 00:00:00,291.77,0.08501518000337324
2021-01-28 00:15:00,291.77,0.08538531098240337
2021-01-28 00:30:00,291.77,0.08361787769877134
2021-01-28 00:45:00,291.77,0.08329201354907637
2021-01-28 01:00:00,291.77,0.08411451255893311
2021-01-28 01:15:00,291.77,0.08381776992608128
2021-01-28 01:30:00,291.77,0.0818242660828393
2021-01-28 01:45:00,291.77,0.08205080700947377
2021-01-28 02:00:00,291.77,0.08083409921232852
2021-01-28 02:15:00,291.77,0.08141885448373784
2021-01-28 02:30:00,291.77,0.07918576303625595
2021-01-28 02:45:00,291.77,0.07542351029647915
2021-01-28 03:00:00,291.77,0.0748768698557715
2021-01-28 03:15:00,311.3,0.07498018979527163
2021-01-28 03:30:00,319.0,0.07474162535608347
2021-01-28 03:45:00,314.12,0.07546149343993096
2021-01-28 04:00:00,318.88,0.07550034801913641
2021-01-28 04:15:00,333.11,0.07324506687374954
2021-01-28 04:30:00,355.63,0.07484626263820313
2021-01-28 04:45:00,367.9,0.0759321269835045
2021-01-28 05:00:00,363.99,0.07195528901804683
2021-01-28 05:15:00,456.4,0.0712366630708163
2021-01-28 05:30:00,434.54,0.0703204752865423
2021-01-28 05:45:00,451.51,0.0686348604893737
2021-01-28 06:00:00,441.1,0.06730942366779007
2021-01-28 06:15:00,447.01,0.06645139086284525
2021-01-28 06:30:00,490.61,0.06763858399384512
2021-01-28 06:45:00,480.0,0.07296858108533669
2021-01-28 07:00:00,477.0,0.06835980354819232
2021-01-28 07:15:00,459.0,0.05588932509026547
2021-01-28 07:30:00,452.01,0.04550408979818915
2021-01-28 07:45:00,448.34,0.03415989987308627
2021-01-28 08:00:00,425.0,0.023909698792587412
2021-01-28 08:15:00,340.73,0.012530319936830446
2021-01-28 08:30:00,314.0,-0.0027439650145707067
2021-01-28 08:45:00,265.0,-0.01604020095389034
2021-01-28 09:00:00,352.26,-0.019521592973478864
2021-01-28 09:15:00,469.0,-0.01760330144440052
2021-01-28 09:30:00,414.0,-0.016359333068643955
2021-01-28 09:45:00,397.86,-0.01662484358857787
2021-01-28 10:00:00,330.0,-0.015947469956494754
2021-01-28 10:15:00,265.0,-0.017009164942943217
2021-01-28 10:30:00,140.01,-0.01255039772965343
2021-01-28 10:45:00,141.0,-0.01117199043856261
2021-01-28 11:00:00,246.951,-0.008052565053219735
2021-01-28 11:15:00,255.99,-0.005049788194249335
2021-01-28 11:30:00,270.0,-0.0015670121819364277
2021-01-28 11:45:00,276.0,0.002646337762440347
2021-01-28 12:00:00,266.5,0.005438926855828953
2021-01-28 12:15:00,240.9471,0.011097420106047107
2021-01-28 12:30:00,217.8886,0.013629628573079849
2021-01-28 12:45:00,230.3455,0.0159873830334629
2021-01-28 13:00:00,246.8585,0.01624478689332857
2021-01-28 13:15:00,242.4305,0.016561572518811702
2021-01-28 13:30:00,234.0,0.016828606530608633
2021-01-28 13:45:00,229.18,0.01858330807976845
2021-01-28 14:00:00,235.1123,0.019524617781753163
2021-01-28 14:15:00,246.1359,0.019704890744099413
2021-01-28 14:30:00,247.8874,0.021560276149517974
2021-01-28 14:45:00,225.0201,0.021875414024561488
2021-01-28 15:00:00,222.01,0.022441211948450036
2021-01-28 15:15:00,197.44,0.024287440176041276
2021-01-28 15:30:00,210.0,0.025252617114156772
2021-01-28 15:45:00,268.12,0.024897617694976285
2021-01-28 16:00:00,250.01,0.027578317602736997
2021-01-28 16:15:00,257.0,0.03194579025025075
2021-01-28 16:30:00,262.0,0.033158490995159294
2021-01-28 16:45:00,259.75,0.03456650104316261
2021-01-28 17:00:00,265.9,0.03693961580950922
2021-01-28 17:15:00,280.33,0.03804752329584815
2021-01-28 17:30:00,290.7,0.03869026436536993
2021-01-28 17:45:00,291.0,0.036140757381754
2021-01-28 18:00:00,312.0,0.03626549207133772
2021-01-28 18:15:00,347.0,0.034917577030019666
2021-01-28 18:30:00,332.21,0.03400159569028069
2021-01-28 18:45:00,313.89,0.035217396413501245
2021-01-28 19:00:00,319.03,0.03540231653143936
2021-01-28 19:15:00,319.03,0.036642462375065354
2021-01-28 19:30:00,319.03,0.037253723974783784
2021-01-28 19:45:00,319.03,0.04238711076446755
2021-01-28 20:00:00,319.03,0.04500309965051763
2021-01-28 20:15:00,319.03,0.04831715123409615
2021-01-28 20:30:00,319.03,0.05239943526200355
2021-01-28 20:45:00,319.03,0.05367559265526554
2021-01-28 21:00:00,319.03,0.0529624253951484
2021-01-28 21:15:00,319.03,0.05320791700804854
2021-01-28 21:30:00,319.03,0.05691652565299661
2021-01-28 21:45:00,319.03,0.05602944882659514
2021-01-28 22:00:00,319.03,0.05605586659987482
2021-01-28 22:15:00,319.03,0.05624040836176038
2021-01-28 22:30:00,319.03,0.05534296564444962
2021-01-28 22:45:00,319.03,0.057679794053185726
2021-01-28 23:00:00,319.03,0.061172432664386725
2021-01-28 23:15:00,319.03,0.06210530885637501
2021-01-28 23:30:00,319.03,0.061641109367713276
2021-01-28 23:45:00,319.03,0.06465950551710026
2021-01-29 00:00:00,319.03,0.06658892901308375
2021-01-29 00:15:00,319.03,0.07027979048079462
2021-01-29 00:30:00,319.03,0.07107975702463323
2021-01-29 00:45:00,319.03,0.07213938387864094
2021-01-29 01:00:00,319.03,0.07312708437011936
2021-01-29 01:15:00,319.03,0.0746361929122626
2021-01-29 01:30:00,319.03,0.07659791380437356
2021-01-29 01:45:00,319.03,0.07806753457173285
2021-01-29 02:00:00,319.03,0.0791402954825321
2021-01-29 02:15:00,319.03,0.07839950285300681
2021-01-29 02:30:00,319.03,0.08250153709421436
2021-01-29 02:45:00,319.03,0.07879617185351487
2021-01-29 03:00:00,319.03,0.07650281191863059
2021-01-29 03:15:00,360.0,0.07625231096112295
2021-01-29 03:30:00,382.98,0.07490373697098986
2021-01-29 03:45:00,415.0,0.07429527035220043
2021-01-29 04:00:00,401.0,0.07364635739243633
2021-01-29 04:15:00,420.0,0.072813411920444
2021-01-29 04:30:00,400.0,0.06862846835231559
2021-01-29 04:45:00,392.01,0.07150031177659447
2021-01-29 05:00:00,383.01,0.07158506429074316
2021-01-29 05:15:00,385.0,0.07032634891757941
2021-01-29 05:30:00,377.99,0.06881984433958332
2021-01-29 05:45:00,393.0,0.06425481511750802
2021-01-29 06:00:00,380.0,0.06355336872776339
2021-01-29 06:15:00,395.0,0.06372266731330882
2021-01-29 06:30:00,351.3,0.06272086764450695
2021-01-29 06:45:00,337.0,0.060472550799176385
2021-01-29 07:00:00,322.0,0.060224930261333534
2021-01-29 07:15:00,347.07,0.06117172740731203
2021-01-29 07:30:00,385.0,0.06072215376179466
2021-01-29 07:45:00,341.36,0.06342355817687896
2021-01-29 08:00:00,352.05,0.06169400532921342
2021-01-29 08:15:00,363.01,0.05863913747046401
2021-01-29 08:30:00,369.715,0.053039427805060456
2021-01-29 08:45:00,379.71,0.050503169257962305
2021-01-29 09:00:00,343.573,0.04659653124203032
2021-01-29 09:15:00,317.7093,0.043733118096518184
2021-01-29 09:30:00,315.85,0.043478314312948324
2021-01-29 09:45:00,315.0,0.0433418885029424
2021-01-29 10:00:00,328.0806,0.043819338666699834
2021-01-29 10:15:00,335.5999,0.044680483320231945
2021-01-29 10:30:00,330.9999,0.04862568959892853
2021-01-29 10:45:00,335.1109,0.05084513425545036
2021-01-29 11:00:00,332.235,0.053695076628073955
2021-01-29 11:15:00,339.8802,0.05435398722105662
2021-01-29 11:30:00,359.0,0.056055803185284095
2021-01-29 11:45:00,348.1117,0.0540215390701461
2021-01-29 12:00:00,337.84,0.053635452138361316
2021-01-29 12:15:00,328.1182,0.051308585360800234
2021-01-29 12:30:00,328.909,0.04882721061912686
2021-01-29 12:45:00,318.0145,0.04417308269436655
2021-01-29 13:00:00,295.06,0.04253591884811394
2021-01-29 13:15:00,275.95,0.03580349092406368
2021-01-29 13:30:00,276.0,0.03127979398661059
2021-01-29 13:45:00,256.6191,0.031576754516661865
2021-01-29 14:00:00,280.9999,0.031349454284249734
2021-01-29 14:15:00,284.79,0.031717475604621216
2021-01-29 14:30:00,322.415,0.03474201889222852
2021-01-29 14:45:00,305.31,0.03921042057661009
2021-01-29 15:00:00,318.5536,0.045797998375002064
2021-01-29 15:15:00,327.67,0.055559376576905205
2021-01-29 15:30:00,316.0,0.06253622538945511
2021-01-29 15:45:00,324.73,0.06916257714630104
2021-01-29 16:00:00,320.89,0.07418837264858484
2021-01-29 16:15:00,322.3,0.08251728916202705
2021-01-29 16:30:00,320.0,0.08912249443980344
2021-01-29 16:45:00,320.0,0.09593429987109656
2021-01-29 17:00:00,311.5,0.09716013455420523
2021-01-29 17:15:00,306.11,0.09867241658809923
2021-01-29 17:30:00,305.0,0.1008730391018794
2021-01-29 17:45:00,306.01,0.1007845403999081
2021-01-29 18:00:00,316.99,0.10077642462892059
2021-01-29 18:15:00,316.0,0.09915758266485544
2021-01-29 18:30:00,315.0,0.09936866062113937
2021-01-29 18:45:00,317.5,0.09890969624413906
2021-01-29 19:00:00,314.5101,0.10132154055025311
2021-01-29 19:15:00,314.5101,0.10424716815850298
2021-01-29 19:30:00,314.5101,0.10555493516535616
2021-01-29 19:45:00,314.5101,0.1068394063199309
2021-01-29 20:00:00,314.5101,0.10935897091577779
2021-01-29 20:15:00,314.5101,0.10912481246142618
2021-01-29 20:30:00,314.5101,0.10783082738808297
2021-01-29 20:45:00,314.5101,0.10788315192532671
2021-01-29 21:00:00,314.5101,0.10673521306212896
2021-01-29 21:15:00,314.5101,0.10418520367814656
2021-01-29 21:30:00,314.5101,0.10356571258637644
2021-01-29 21:45:00,314.5101,0.10315787806130364
2021-01-29 22:00:00,314.5101,0.10213183441272851
2021-01-29 22:15:00,314.5101,0.10240870787726324
2021-01-29 22:30:00,314.5101,0.10429906258578925
2021-01-29 22:45:00,314.5101,0.10373016592394535
2021-01-29 23:00:00,314.5101,0.10116748856321235
2021-01-29 23:15:00,314.5101,0.1038007251322767
2021-01-29 23:30:00,314.5101,0.10238642120485802
2021-01-29 23:45:00,314.5101,0.10299691874454639
2021-01-30 00:00:00,314.5101,0.10389796912883721
2021-01-30 00:15:00,314.5101,0.10598261958446911
2021-01-30 00:30:00,314.5101,0.10664984122431875
2021-01-30 00:45:00,314.5101,0.10710053960290807
2021-01-30 01:00:00,314.5101,0.11124113400512257
2021-01-30 01:15:00,314.5101,0.1136195364179889
2021-01-30 01:30:00,314.5101,0.11667740024963322
2021-01-30 01:45:00,314.5101,0.11769465029972698
2021-01-30 02:00:00,314.5101,0.11861975678928499
2021-01-30 02:15:00,314.5101,0.11896369991846664
2021-01-30 02:30:00,314.5101,0.11843389699610399
2021-01-30 02:45:00,314.5101,0.11867688723654234
2021-01-30 03:00:00,314.5101,0.11862636104614564
2021-01-30 03:15:00,314.5101,0.1177784451192327
2021-01-30 03:30:00,314.5101,0.11941091135531376
2021-01-30 03:45:00,314.5101,0.12098538666078132
2021-01-30 04:00:00,314.5101,0.1188895409244143
2021-01-30 04:15:00,314.5101,0.11735917979514991
2021-01-30 04:30:00,314.5101,0.11632146429325146
2021-01-30 04:45:00,314.5101,0.11485975060208689
2021-01-30 05:00:00,314.5101,0.11422669900808133
2021-01-30 05:15:00,314.5101,0.1144765434179478
2021-01-30 05:30:00,314.5101,0.10852549036289984
2021-01-30 05:45:00,314.5101,0.10574742578543751
2021-01-30 06:00:00,314.5101,0.10601484846044688
2021-01-30 06:15:00,314.5101,0.10747593108789333
2021-01-30 06:30:00,314.5101,0.1068379955388263
2021-01-30 06:45:00,314.5101,0.10675058940221123
2021-01-30 07:00:00,314.5101,0.10581421208438692
2021-01-30 07:15:00,314.5101,0.10385847451183083
2021-01-30 07:30:00,314.5101,0.1042662487652844
2021-01-30 07:45:00,314.5101,0.10706552615943174
2021-01-30 08:00:00,314.5101,0.1088819636396779
2021-01-30 08:15:00,314.5101,0.10532682547447608
2021-01-30 08:30:00,314.5101,0.10625590549753475
2021-01-30 08:45:00,314.5101,0.10772206651989202
2021-01-30 09:00:00,314.5101,0.10859159018547727
2021-01-30 09:15:00,314.5101,0.11054765841789546
2021-01-30 09:30:00,314.5101,0.11232646493047244
2021-01-30 09:45:00,314.5101,0.10922032496406313
2021-01-30 10:00:00,314.5101,0.10592103370609113
2021-01-30 10:15:00,314.5101,0.10729091947134944
2021-01-30 10:30:00,314.5101,0.10657953818332186
2021-01-30 10:45:00,314.5101,0.10632623042693105
2021-01-30 11:00:00,314.5101,0.10460451148712505
2021-01-30 11:15:00,314.5101,0.10356406295360827
2021-01-30 11:30:00,314.5101,0.10537645394206846
2021-01-30 11:45:00,314.5101,0.10738879607684511
2021-01-30 12:00:00,314.5101,0.10872594268562759
2021-01-30 12:15:00,314.5101,0.10971674317710972
2021-01-30 12:30:00,314.5101,0.11137929834437124
2021-01-30 12:45:00,314.5101,0.11270788038160451
2021-01-30 13:00:00,314.5101,0.11536299432997364
2021-01-30 13:15:00,314.5101,0.11557865664902194
2021-01-30 13:30:00,314.5101,0.11765492691386575
2021-01-30 13:45:00,314.5101,0.11927791024077394
2021-01-30 14:00:00,314.5101,0.12270787865756055
2021-01-30 14:15:00,314.5101,0.12326343590466605
2021-01-30 14:30:00,314.5101,0.12421095560206064
2021-01-30 14:45:00,314.5101,0.12571901639571453
2021-01-30 15:00:00,314.5101,0.1267192367568496
2021-01-30 15:15:00,314.5101,0.12853206384274438
2021-01-30 15:30:00,314.5101,0.12804755054886663
2021-01-30 15:45:00,314.5101,0.12815538235140828
2021-01-30 16:00:00,314.5101,0.12788203953455485
2021-01-30 16:15:00,314.5101,0.1253735107263504
2021-01-30 16:30:00,314.5101,0.1250737206805757
2021-01-30 16:45:00,314.5101,0.12479314324149612
2021-01-30 17:00:00,314.5101,0.12233622215500416
2021-01-30 17:15:00,314.5101,0.11984429297940483
2021-01-30 17:30:00,314.5101,0.11723514892737062
2021-01-30 17:45:00,314.5101,0.11638578671999869
2021-01-30 18:00:00,314.5101,0.11564306921528994
2021-01-30 18:15:00,314.5101,0.11862544282338965
2021-01-30 18:30:00,314.5101,0.11592972690886409
2021-01-30 18:45:00,314.5101,0.1129646042401081
2021-01-30 19:00:00,314.5101,0.11170784881639069
2021-01-30 19:15:00,314.5101,0.1104308773230388
2021-01-30 19:30:00,314.5101,0.1089768540746078
2021-01-30 19:45:00,314.5101,0.10676761669740173
2021-01-30 20:00:00,314.5101,0.1040357364863376
2021-01-30 20:15:00,314.5101,0.10363923753249707
2021-01-30 20:30:00,314.5101,0.10582905898790648
2021-01-30 20:45:00,314.5101,0.10686658021488261
2021-01-30 21:00:00,314.5101,0.10472607177234769
2021-01-30 21:15:00,314.5101,0.10262095444292413
2021-01-30 21:30:00,314.5101,0.10369484200783152
2021-01-30 21:45:00,314.5101,0.1042636187910881
2021-01-30 22:00:00,314.5101,0.10496413849381964
2021-01-30 22:15:00,314.5101,0.1002228734773007
2021-01-30 22:30:00,314.5101,0.09921343940902913
2021-01-30 22:45:00,314.5101,0.09768019475896365
2021-01-30 23:00:00,314.5101,0.09739082170391178
2021-01-30 23:15:00,314.5101,0.09627123606563978
2021-01-30 23:30:00,314.5101,0.09593546197861569
2021-01-30 23:45:00,314.5101,0.09297284895032043
2021-01-31 00:00:00,314.5101,0.09104850327137193
2021-01-31 00:15:00,314.5101,0.0952411892170895
2021-01-31 00:30:00,314.5101,0.09465130292562074
2021-01-31 00:45:00,314.5101,0.09447775834048475
2021-01-31 01:00:00,314.5101,0.09551087238865022
2021-01-31 01:15:00,314.5101,0.09848882673165864
2021-01-31 01:30:00,314.5101,0.09798279652131277
2021-01-31 01:45:00,314.5101,0.09983970942767936
2021-01-31 02:00:00,314.5101,0.10119797994795972
2021-01-31 02:15:00,314.5101,0.10299475293576253
2021-01-31 02:30:00,314.5101,0.09973565774871428
2021-01-31 02:45:00,314.5101,0.09961386602389097
2021-01-31 03:00:00,314.5101,0.10230954863095194
2021-01-31 03:15:00,314.5101,0.09990359057530225
2021-01-31 03:30:00,314.5101,0.0991380190563519
2021-01-31 03:45:00,314.5101,0.09685210503081375
2021-01-31 04:00:00,314.5101,0.09758815035264173
2021-01-31 04:15:00,314.5101,0.09477294421157301
2021-01-31 04:30:00,314.5101,0.0954102559128652
2021-01-31 04:45:00,314.5101,0.09603176484809108
2021-01-31 05:00:00,314.5101,0.09540676555348168
2021-01-31 05:15:00,314.5101,0.09317456784726873
2021-01-31 05:30:00,314.5101,0.09274814196004233
2021-01-31 05:45:00,314.5101,0.09593357525534099
2021-01-31 06:00:00,314.5101,0.09261441788406558
2021-01-31 06:15:00,314.5101,0.09115550670584857
2021-01-31 06:30:00,314.5101,0.09294404824189875
2021-01-31 06:45:00,314.5101,0.08902201511720827
2021-01-31 07:00:00,314.5101,0.08327253938248969
2021-01-31 07:15:00,314.5101,0.08203330314796511
2021-01-31 07:30:00,314.5101,0.08007334520262116
2021-01-31 07:45:00,314.5101,0.07466645610820706
2021-01-31 08:00:00,314.5101,0.07392887747715966
2021-01-31 08:15:00,314.5101,0.07412151006705642
2021-01-31 08:30:00,314.5101,0.07131470389040319
2021-01-31 08:45:00,314.5101,0.07301163097863508
2021-01-31 09:00:00,314.5101,0.07689579688748287
2021-01-31 09:15:00,314.5101,0.07975498471895487
2021-01-31 09:30:00,314.5101,0.0797868412099692
2021-01-31 09:45:00,314.5101,0.08455006759327612
2021-01-31 10:00:00,314.5101,0.08519725656116839
2021-01-31 10:15:00,314.5101,0.08761850619864936
2021-01-31 10:30:00,314.5101,0.0915554601785902
2021-01-31 10:45:00,314.5101,0.09595673083479812
2021-01-31 11:00:00,314.5101,0.09762482454133495
2021-01-31 11:15:00,314.5101,0.10069114228321141
2021-01-31 11:30:00,314.5101,0.10444157473056326
2021-01-31 11:45:00,314.5101,0.10783752335834826
2021-01-31 12:00:00,314.5101,0.1133339067172048
2021-01-31 12:15:00,314.5101,0.11451409659300991
2021-01-31 12:30:00,314.5101,0.1180880223958072
2021-01-31 12:45:00,314.5101,0.11794104170312504
2021-01-31 13:00:00,314.5101,0.11949965318616507
2021-01-31 13:15:00,314.5101,0.11879555534698517
2021-01-31 13:30:00,314.5101,0.12006801260081632
2021-01-31 13:45:00,314.5101,0.11586718551116963
2021-01-31 14:00:00,314.5101,0.11238846094969485
2021-01-31 14:15:00,314.5101,0.11028717551129896
2021-01-31 14:30:00,314.5101,0.10536529634551536
2021-01-31 14:45:00,314.5101,0.1025511149531441
2021-01-31 15:00:00,314.5101,0.09910631361944039
2021-01-31 15:15:00,314.5101,0.09906726545818431
2021-01-31 15:30:00,314.5101,0.09665874312346442
2021-01-31 15:45:00,314.5101,0.09574954500636292
2021-01-31 16:00:00,314.5101,0.09530453438418755
2021-01-31 16:15:00,314.5101,0.09537572784715738
2021-01-31 16:30:00,314.5101,0.09708901644658022
2021-01-31 16:45:00,314.5101,0.10016652626812333
2021-01-31 17:00:00,314.5101,0.09938550859895787
2021-01-31 17:15:00,314.5101,0.09895656432221804
2021-01-31 17:30:00,314.5101,0.09870639279751141
2021-01-31 17:45:00,314.5101,0.09927633521093956
2021-01-31 18:00:00,314.5101,0.09860545142495833
2021-01-31 18:15:00,314.5101,0.096057732216402
2021-01-31 18:30:00,314.5101,0.09580435163339614
2021-01-31 18:45:00,314.5101,0.09129819056240321
2021-01-31 19:00:00,314.5101,0.09349355616852141
2021-01-31 19:15:00,314.5101,0.09479807643838051
2021-01-31 19:30:00,314.5101,0.09646502681827851
2021-01-31 19:45:00,314.5101,0.09472721137798192
2021-01-31 20:00:00,314.5101,0.09405928382236788
2021-01-31 20:15:00,314.5101,0.0944422225899158
2021-01-31 20:30:00,314.5101,0.09275467328941345
2021-01-31 20:45:00,314.5101,0.09343957097522775
2021-01-31 21:00:00,314.5101,0.09236613878685933
2021-01-31 21:15:00,314.5101,0.09165949570059605
2021-01-31 21:30:00,314.5101,0.08682601348825682
2021-01-31 21:45:00,314.5101,0.08713377639391204
2021-01-31 22:00:00,314.5101,0.08794633338321488
2021-01-31 22:15:00,314.5101,0.08598365611115898
2021-01-31 22:30:00,314.5101,0.08331563228034157
2021-01-31 22:45:00,314.5101,0.08063521480389309
2021-01-31 23:00:00,314.5101,0.0768530345608843
2021-01-31 23:15:00,314.5101,0.07695895965629534
2021-01-31 23:30:00,314.5101,0.07962990256116956
2021-01-31 23:45:00,314.5101,0.08016729914097992
2021-02-01 00:00:00,314.5101,0.07890548367895683
2021-02-01 00:15:00,314.5101,0.08009780419512882
2021-02-01 00:30:00,314.5101,0.08082209143819272
2021-02-01 00:45:00,314.5101,0.08261482050125263
2021-02-01 01:00:00,314.5101,0.084698218028159
2021-02-01 01:15:00,314.5101,0.08051058134336335
2021-02-01 01:30:00,314.5101,0.07578502194692587
2021-02-01 01:45:00,314.5101,0.07369649724434085
2021-02-01 02:00:00,314.5101,0.07369319368970044
2021-02-01 02:15:00,314.5101,0.0708642237343978
2021-02-01 02:30:00,314.5101,0.07159696074965013
2021-02-01 02:45:00,314.5101,0.06708091949622087
2021-02-01 03:00:00,314.5101,0.0644361339604508
2021-02-01 03:15:00,356.1,0.06685261012760538
2021-02-01 03:30:00,374.1,0.06950871580785858
2021-02-01 03:45:00,353.9,0.0747501516027987
2021-02-01 04:00:00,344.0,0.07190056045160427
2021-02-01 04:15:00,347.0,0.07308337123999654
2021-02-01 04:30:00,342.0,0.07255144936049204
2021-02-01 04:45:00,337.83,0.07287865860662156
2021-02-01 05:00:00,340.0,0.07023602487038515
2021-02-01 05:15:00,338.0,0.06679684615405226
2021-02-01 05:30:00,341.5,0.06738743160296012
2021-02-01 05:45:00,332.15,0.0595753248822308
2021-02-01 06:00:00,329.79,0.05490273559093608
2021-02-01 06:15:00,327.42,0.05156738789535685
2021-02-01 06:30:00,307.03,0.046216584837401445
2021-02-01 06:45:00,300.0,0.04582551480789391
2021-02-01 07:00:00,305.6,0.047910099800207134
2021-02-01 07:15:00,327.0,0.04866018841040451
2021-02-01 07:30:00,319.2,0.045579653164573145
2021-02-01 07:45:00,319.0,0.04335668346849077
2021-02-01 08:00:00,319.9999,0.04572118634277039
2021-02-01 08:15:00,317.7,0.04730648356986849
2021-02-01 08:30:00,310.05,0.047477636072998125
2021-02-01 08:45:00,316.56,0.044199650518521025
2021-02-01 09:00:00,297.91,0.0407650502158326
2021-02-01 09:15:00,270.0,0.034256342372233774
2021-02-01 09:30:00,263.175,0.028900194021516543
2021-02-01 09:45:00,213.07,0.028429254519112657
2021-02-01 10:00:00,241.9999,0.029623299847372497
2021-02-01 10:15:00,236.775,0.031109184730063782
2021-02-01 10:30:00,264.0914,0.03565845166683863
2021-02-01 10:45:00,273.54,0.04259214620394287
2021-02-01 11:00:00,269.0101,0.04767407170566163
2021-02-01 11:15:00,259.0,0.05234271193744924
2021-02-01 11:30:00,247.53,0.05636512847113485
2021-02-01 11:45:00,252.0,0.05809965483434899
2021-02-01 12:00:00,250.5,0.0577856598062621
2021-02-01 12:15:00,248.4599,0.053652549811017934
2021-02-01 12:30:00,240.9414,0.051022077331912906
2021-02-01 12:45:00,239.69,0.048828272019743234
2021-02-01 13:00:00,233.155,0.04685838238637509
2021-02-01 13:15:00,250.0,0.04875249008386562
2021-02-01 13:30:00,245.01,0.049177049743378054
2021-02-01 13:45:00,245.0,0.05100426452983761
2021-02-01 14:00:00,240.88,0.051740716755093
2021-02-01 14:15:00,240.1096,0.05472456023304225
2021-02-01 14:30:00,233.44,0.054077158449108806
2021-02-01 14:45:00,234.0,0.05215369989384784
2021-02-01 15:00:00,222.475,0.05439517216132025
2021-02-01 15:15:00,225.46,0.05511883132708228
2021-02-01 15:30:00,224.0,0.05700670546011512
2021-02-01 15:45:00,218.0,0.05677004969071006
2021-02-01 16:00:00,216.88,0.0576638035896423
2021-02-01 16:15:00,207.96,0.057088070865673815
2021-02-01 16:30:00,201.51,0.05570111463648494
2021-02-01 16:45:00,182.05,0.05509407304479627
2021-02-01 17:00:00,188.3,0.05179491330046129
2021-02-01 17:15:00,178.0,0.04875480462116093
2021-02-01 17:30:00,186.5,0.04786222346966221
2021-02-01 17:45:00,187.0,0.047163630898317
2021-02-01 18:00:00,184.65,0.047436180574154586
2021-02-01 18:15:00,186.65,0.04880721049409705
2021-02-01 18:30:00,190.0,0.05155243295546884
2021-02-01 18:45:00,198.99,0.05342169936461275
2021-02-01 19:00:00,192.29,0.05570401148342462
2021-02-01 19:15:00,192.29,0.057671800470950114
2021-02-01 19:30:00,192.29,0.059432020433593705
2021-02-01 19:45:00,192.29,0.06020256521964536
2021-02-01 20:00:00,192.29,0.05953968685784967
2021-02-01 20:15:00,192.29,0.06072092055188053
2021-02-01 20:30:00,192.29,0.06310461505841133
2021-02-01 20:45:00,192.29,0.06257106784422173
2021-02-01 21:00:00,192.29,0.06220300711044441
2021-02-01 21:15:00,192.29,0.06510009523653643
2021-02-01 21:30:00,192.29,0.06281616264015756
2021-02-01 21:45:00,192.29,0.06435730702870042
2021-02-01 22:00:00,192.29,0.06569506803246736
2021-02-01 22:15:00,192.29,0.06567442320076848
2021-02-01 22:30:00,192.29,0.061287248557148816
2021-02-01 22:45:00,192.29,0.06580498887411909
2021-02-01 23:00:00,192.29,0.06758080533135434
2021-02-01 23:15:00,192.29,0.06414125897792387
2021-02-01 23:30:00,192.29,0.06421303942614695
2021-02-01 23:45:00,192.29,0.06326126608677617
2021-02-02 00:00:00,192.29,0.06392362582199292
2021-02-02 00:15:00,192.29,0.05802469357102343
2021-02-02 00:30:00,192.29,0.059248578220103106
2021-02-02 00:45:00,192.29,0.05423824853875667
2021-02-02 01:00:00,192.29,0.051524826676311884
2021-02-02 01:15:00,192.29,0.052749134493382914
2021-02-02 01:30:00,192.29,0.054129482670380716
2021-02-02 01:45:00,192.29,0.04962279692832894
2021-02-02 02:00:00,192.29,0.04240771289048679
2021-02-02 02:15:00,192.29,0.04500817277612959
2021-02-02 02:30:00,192.29,0.047049359820564324
2021-02-02 02:45:00,192.29,0.04923593379323629
2021-02-02 03:00:00,192.29,0.046187491497669236
2021-02-02 03:15:00,175.3,0.04359835434836364
2021-02-02 03:30:00,170.18,0.039502738575092775
2021-02-02 03:45:00,172.7,0.03934651664888118
2021-02-02 04:00:00,172.99,0.04221633915400069
2021-02-02 04:15:00,171.7,0.03839515874013736
2021-02-02 04:30:00,171.6,0.03526992121852387
2021-02-02 04:45:00,173.48,0.03115970098935552
2021-02-02 05:00:00,172.5,0.033816468626040555
2021-02-02 05:15:00,174.01,0.03155430603625664
2021-02-02 05:30:00,172.94,0.03326191001805712
2021-02-02 05:45:00,158.5,0.03381215906267009
2021-02-02 06:00:00,159.0,0.03207335341471875
2021-02-02 06:15:00,158.24,0.034805684389454784
2021-02-02 06:30:00,154.48,0.034011466861475395
2021-02-02 06:45:00,159.01,0.034167795745177164
2021-02-02 07:00:00,148.5,0.031338575653360616
2021-02-02 07:15:00,139.0,0.031623557817711125
2021-02-02 07:30:00,132.6,0.030532517575279916
2021-02-02 07:45:00,128.25,0.03198886678974128
2021-02-02 08:00:00,134.0,0.03384426257188096
2021-02-02 08:15:00,127.5,0.03433316720499947
2021-02-02 08:30:00,137.0,0.03090756816322975
2021-02-02 08:45:00,140.76,0.029210892402300032
2021-02-02 09:00:00,102.26,0.0295958036324268
2021-02-02 09:15:00,114.8882,0.0339992720834224
2021-02-02 09:30:00,112.9899,0.03565124544713192
2021-02-02 09:45:00,104.17,0.03710633332126195
2021-02-02 10:00:00,85.0,0.041770296611790894
2021-02-02 10:15:00,91.0701,0.042871901333276195
2021-02-02 10:30:00,104.6999,0.04751036491641997
2021-02-02 10:45:00,142.99,0.054269835914007046
2021-02-02 11:00:00,135.65,0.055420429169892475
2021-02-02 11:15:00,110.05,0.05490681187016565
2021-02-02 11:30:00,114.25,0.058137954022606825
2021-02-02 11:45:00,115.5981,0.060000996136983155
2021-02-02 12:00:00,122.4769,0.05587460069251559
2021-02-02 12:15:00,118.2996,0.05571564450464253
2021-02-02 12:30:00,114.0109,0.057170461544013396
2021-02-02 12:45:00,113.0,0.051215518070819914
2021-02-02 13:00:00,108.9799,0.05226890400704493
2021-02-02 13:15:00,103.6001,0.04893453953379388
2021-02-02 13:30:00,105.02,0.046371109810284895
2021-02-02 13:45:00,97.9,0.042376802844462685
2021-02-02 14:00:00,103.9,0.04272575910323556
2021-02-02 14:15:00,99.8561,0.04359231328772967
2021-02-02 14:30:00,98.5,0.043569814387417485
2021-02-02 14:45:00,94.8143,0.046608787542885215
2021-02-02 15:00:00,94.7975,0.04808598827627564
2021-02-02 15:15:00,90.76,0.05470429406284724
2021-02-02 15:30:00,89.1,0.05844794338790336
2021-02-02 15:45:00,89.15,0.06439426113227728
2021-02-02 16:00:00,88.4,0.06713023088329623
2021-02-02 16:15:00,88.82,0.06881086980981356
2021-02-02 16:30:00,87.25,0.0690020313650664
2021-02-02 16:45:00,88.5,0.07087920694181883
2021-02-02 17:00:00,92.85,0.07169677510233592
2021-02-02 17:15:00,92.0,0.06894365077368853
2021-02-02 17:30:00,93.1,0.06692451946739492
2021-02-02 17:45:00,91.5,0.06522033619529766
2021-02-02 18:00:00,89.1,0.06473923748718405
2021-02-02 18:15:00,90.0,0.06532999790665218
2021-02-02 18:30:00,89.5,0.06809611737918077
2021-02-02 18:45:00,88.88,0.0697218896805167
2021-02-02 19:00:00,85.75,0.07272346789221001
2021-02-02 19:15:00,85.75,0.07118769939442264
2021-02-02 19:30:00,85.75,0.0733563896315563
2021-02-02 19:45:00,85.75,0.073003129600235
2021-02-02 20:00:00,85.75,0.07351323528762115
2021-02-02 20:15:00,85.75,0.0694366522717393
2021-02-02 20:30:00,85.75,0.0715940758385556
2021-02-02 20:45:00,85.75,0.06712866995651465
2021-02-02 21:00:00,85.75,0.05952386318712025
2021-02-02 21:15:00,85.75,0.06538144099975385
2021-02-02 21:30:00,85.75,0.05717867762182742
2021-02-02 21:45:00,85.75,0.061372908355603245
2021-02-02 22:00:00,85.75,0.06404449832516242
2021-02-02 22:15:00,85.75,0.06878285717390706
2021-02-02 22:30:00,85.75,0.058831822124619
2021-02-02 22:45:00,85.75,0.05617031287381955
2021-02-02 23:00:00,85.75,0.06353791863216704
2021-02-02 23:15:00,85.75,0.05844014067483025
2021-02-02 23:30:00,85.75,0.07794367699961659
2021-02-02 23:45:00,85.75,0.06348497908294991
2021-02-03 00:00:00,85.75,0.06231332485670938
2021-02-03 00:15:00,85.75,0.05892099749098048
2021-02-03 00:30:00,85.75,0.06750099324289212
2021-02-03 00:45:00,85.75,0.07655575533460066
2021-02-03 01:00:00,85.75,0.07763598559775854
2021-02-03 01:15:00,85.75,0.07437448289322847
2021-02-03 01:30:00,85.75,0.05916751604735032
2021-02-03 01:45:00,85.75,0.0708683529117571
2021-02-03 02:00:00,85.75,0.07267396652594058
2021-02-03 02:15:00,85.75,0.07228126394490815
2021-02-03 02:30:00,85.75,0.0777881983151132
2021-02-03 02:45:00,85.75,0.0777376574497286
2021-02-03 03:00:00,85.75,0.08200918940461581
2021-02-03 03:15:00,78.33,0.0908978859374969
2021-02-03 03:30:00,79.89,0.0941652511751879
2021-02-03 03:45:00,87.0,0.09635455543981339
2021-02-03 04:00:00,85.8,0.09500459574313318
2021-02-03 04:15:00,87.35,0.09405222142184504
2021-02-03 04:30:00,97.0,0.09613904610126485
2021-02-03 04:45:00,101.9,0.09516395781841938
2021-02-03 05:00:00,102.6,0.09302486772399728
2021-02-03 05:15:00,96.3,0.07623417219061643
2021-02-03 05:30:00,98.81,0.07815357538610515
2021-02-03 05:45:00,96.3,0.07456519562070926
2021-02-03 06:00:00,93.4,0.06510503739286116
2021-02-03 06:15:00,91.11,0.07802718901696234
2021-02-03 06:30:00,90.51,0.0774149312963266
2021-02-03 06:45:00,88.4,0.08447118238083119
2021-02-03 07:00:00,90.5,0.08149222736247135
2021-02-03 07:15:00,89.82,0.09770752263539563
2021-02-03 07:30:00,88.5,0.09335544014042581
2021-02-03 07:45:00,89.9,0.09004022149830843
2021-02-03 08:00:00,92.5,0.10238086665959875
