time,open,sentiment
2021-01-13 00:15:00,20.1,0.03541162790697675
2021-01-13 00:30:00,20.1,0.06057326732673266
2021-01-13 00:45:00,20.1,0.058813286713286686
2021-01-13 01:00:00,20.1,0.04522367346938778
2021-01-13 01:15:00,20.1,0.10337603305785119
2021-01-13 01:30:00,20.1,0.10979523809523814
2021-01-13 01:45:00,20.1,0.05102698412698416
2021-01-13 02:00:00,20.1,0.05421747572815534
2021-01-13 02:15:00,20.1,0.11076699029126215
2021-01-13 02:30:00,20.1,0.04357571428571429
2021-01-13 02:45:00,20.1,-0.017263953488372098
2021-01-13 03:00:00,20.1,0.041432203389830516
2021-01-13 03:15:00,20.1,0.13959894179894175
2021-01-13 03:30:00,20.1,0.01845948275862069
2021-01-13 03:45:00,20.15,0.03376762589928059
2021-01-13 04:00:00,20.15,0.18374679487179485
2021-01-13 04:15:00,20.15,0.14925511811023626
2021-01-13 04:30:00,20.15,-0.008069879518072285
2021-01-13 04:45:00,20.15,0.06944941860465113
2021-01-13 05:00:00,20.15,0.04927552083333333
2021-01-13 05:15:00,20.36,0.04895906976744187
2021-01-13 05:30:00,20.36,0.07415687732342006
2021-01-13 05:45:00,20.36,0.07985735849056605
2021-01-13 06:00:00,20.36,0.10712650176678451
2021-01-13 06:15:00,20.1,0.07525771812080538
2021-01-13 06:30:00,20.25,0.03735358090185675
2021-01-13 06:45:00,20.47,0.06480814814814818
2021-01-13 07:00:00,20.32,0.05725077951002226
2021-01-13 07:15:00,20.2499,0.08989020501138945
2021-01-13 07:30:00,20.2601,0.04601599999999999
2021-01-13 07:45:00,20.44,0.0716998207885304
2021-01-13 08:00:00,20.39,0.06300168195718653
2021-01-13 08:15:00,20.36,0.06378795336787556
2021-01-13 08:30:00,20.37,0.04719809069212414
2021-01-13 08:45:00,20.42,0.03334080410607354
2021-01-13 09:00:00,22.33,0.02929823943661974
2021-01-13 09:15:00,22.93,0.07349784422809456
2021-01-13 09:30:00,25.905,0.08578923076923071
2021-01-13 09:45:00,29.01,0.06938414133114205
2021-01-13 10:00:00,27.4122,0.0724416958654519
2021-01-13 10:15:00,28.6301,0.07987679856115108
2021-01-13 10:30:00,31.1244,0.06776855256954255
2021-01-13 10:45:00,33.07,0.0673773045822102
2021-01-13 11:00:00,38.39,0.08982404580152664
2021-01-13 11:15:00,31.7501,0.09508946648426797
2021-01-13 11:30:00,31.24,0.0822090476190475
2021-01-13 11:45:00,30.9462,0.08739806848112378
2021-01-13 12:00:00,32.3299,0.08810493601462499
2021-01-13 12:15:00,34.29,0.08357441457068512
2021-01-13 12:30:00,33.1,0.08828064202334619
2021-01-13 12:45:00,31.88,0.08513867660764213
2021-01-13 13:00:00,32.56,0.08704303797468352
2021-01-13 13:15:00,33.465,0.09523428827215759
2021-01-13 13:30:00,33.3097,0.0801343297974927
2021-01-13 13:45:00,32.8,0.08629385026737965
2021-01-13 14:00:00,33.255,0.09301014109347433
2021-01-13 14:15:00,33.03,0.07143163265306109
2021-01-13 14:30:00,32.9899,0.09328601532567049
2021-01-13 14:45:00,31.3135,0.09477796610169481
2021-01-13 15:00:00,32.105,0.07534567343867558
2021-01-13 15:15:00,31.3998,0.10538769657724326
2021-01-13 15:30:00,31.1,0.12331809908998988
2021-01-13 15:45:00,31.31,0.09466961883408066
2021-01-13 16:00:00,31.15,0.11240082352941157
2021-01-13 16:15:00,31.38,0.11918243774574036
2021-01-13 16:30:00,32.77,0.10662954545454532
2021-01-13 16:45:00,32.2,0.08394198174706645
2021-01-13 17:00:00,32.19,0.09432908847184991
2021-01-13 17:15:00,32.12,0.08095679999999997
2021-01-13 17:30:00,32.75,0.12122411693057246
2021-01-13 17:45:00,32.57,0.09777713226205174
2021-01-13 18:00:00,32.42,0.08061784776902882
2021-01-13 18:15:00,32.49,0.11029611650485427
2021-01-13 18:30:00,32.39,0.09874227212681624
2021-01-13 18:45:00,32.4001,0.13003288288288273
2021-01-13 19:00:00,32.7,0.10317028231797909
2021-01-13 19:15:00,32.7,0.09104751879699231
2021-01-13 19:30:00,32.7,0.11566400000000002
2021-01-13 19:45:00,32.7,0.10240486409155936
2021-01-13 20:00:00,32.7,0.11326362068965506
2021-01-13 20:15:00,32.7,0.07102979719188768
2021-01-13 20:30:00,32.7,0.10267526717557246
2021-01-13 20:45:00,32.7,0.10850559999999998
2021-01-13 21:00:00,32.7,0.12415408348457341
2021-01-13 21:15:00,32.7,0.1021987318840579
2021-01-13 21:30:00,32.7,0.114181161971831
2021-01-13 21:45:00,32.7,0.1034583460949463
2021-01-13 22:00:00,32.7,0.08883370429252774
2021-01-13 22:15:00,32.7,0.09656495999999985
2021-01-13 22:30:00,32.7,0.0667859701492537
2021-01-13 22:45:00,32.7,0.07703161904761906
2021-01-13 23:00:00,32.7,0.11604448529411758
2021-01-13 23:15:00,32.7,0.045008679245283
2021-01-13 23:30:00,32.7,0.0797501066098081
2021-01-13 23:45:00,32.7,0.04218212560386474
2021-01-14 00:00:00,32.7,0.04072091346153844
2021-01-14 00:15:00,32.7,0.0825383378016086
2021-01-14 00:30:00,32.7,0.0998391191709845
2021-01-14 00:45:00,32.7,0.12187131367292221
2021-01-14 01:00:00,32.7,0.08243633802816908
2021-01-14 01:15:00,32.7,0.05212688821752265
2021-01-14 01:30:00,32.7,0.1256957894736843
2021-01-14 01:45:00,32.7,0.04203224637681158
2021-01-14 02:00:00,32.7,0.12822007874015753
2021-01-14 02:15:00,32.7,0.0546372197309417
2021-01-14 02:30:00,32.7,0.1127222656250001
2021-01-14 02:45:00,32.7,0.107632340425532
2021-01-14 03:00:00,32.7,0.08780459770114944
2021-01-14 03:15:00,33.48,0.10098549618320612
2021-01-14 03:30:00,34.97,0.10988787878787887
2021-01-14 03:45:00,34.9,0.04690957446808511
2021-01-14 04:00:00,35.91,0.07970524861878445
2021-01-14 04:15:00,37.57,0.10995817174515231
2021-01-14 04:30:00,37.4,0.0938383900928793
2021-01-14 04:45:00,37.1,0.1699057761732852
2021-01-14 05:00:00,36.0,0.16918914956011727
2021-01-14 05:15:00,35.99,0.09561993957703929
2021-01-14 05:30:00,35.28,0.11808098958333335
2021-01-14 05:45:00,36.15,0.11390328358208954
2021-01-14 06:00:00,35.72,0.09235406824146979
2021-01-14 06:15:00,36.0,0.08745337690631812
2021-01-14 06:30:00,37.63,0.09396296928327635
2021-01-14 06:45:00,37.66,0.11609053627760241
2021-01-14 07:00:00,37.89,0.10114353640416036
2021-01-14 07:15:00,35.9974,0.11617442455242956
2021-01-14 07:30:00,35.71,0.07228213429256587
2021-01-14 07:45:00,37.0999,0.085201113585746
2021-01-14 08:00:00,36.98,0.08235656465942723
2021-01-14 08:15:00,36.5501,0.08873172356369688
2021-01-14 08:30:00,38.1,0.028125174825174824
2021-01-14 08:45:00,38.09,0.02584852245862882
2021-01-14 09:00:00,35.26,0.05789512534818927
2021-01-14 09:15:00,35.16,0.06209441964285712
2021-01-14 09:30:00,34.6317,0.06299847677075397
2021-01-14 09:45:00,34.305,0.08007317629179331
2021-01-14 10:00:00,34.2502,0.0809431765612951
2021-01-14 10:15:00,35.21,0.0795740341419586
2021-01-14 10:30:00,36.4287,0.07987319078947375
2021-01-14 10:45:00,35.26,0.08208605769230759
2021-01-14 11:00:00,37.075,0.05215233918128644
2021-01-14 11:15:00,36.885,0.061441922077922144
2021-01-14 11:30:00,39.29,0.06996431116389533
2021-01-14 11:45:00,41.0719,0.062241060903732666
2021-01-14 12:00:00,39.28,0.08317456521739128
2021-01-14 12:15:00,37.96,0.04792915011914214
2021-01-14 12:30:00,38.62,0.06712165325530352
2021-01-14 12:45:00,40.23,0.09636570972886754
2021-01-14 13:00:00,39.91,0.09826549239391505
2021-01-14 13:15:00,38.985,0.07994450381679374
2021-01-14 13:30:00,38.945,0.07231857467778599
2021-01-14 13:45:00,38.4624,0.08865807692307678
2021-01-14 14:00:00,38.795,0.06190204241948146
2021-01-14 14:15:00,39.2941,0.05346068441064624
2021-01-14 14:30:00,39.55,0.060881387755102045
2021-01-14 14:45:00,38.02,0.0655671303074669
2021-01-14 15:00:00,39.5214,0.09009448669201511
2021-01-14 15:15:00,40.0,0.09996839546191248
2021-01-14 15:30:00,38.75,0.08721106271776992
2021-01-14 15:45:00,39.41,0.11896266924564793
2021-01-14 16:00:00,39.84,0.10367786187322606
2021-01-14 16:15:00,39.55,0.10460722402597405
2021-01-14 16:30:00,39.86,0.0842520399666943
2021-01-14 16:45:00,42.75,0.10265232358003429
2021-01-14 17:00:00,42.51,0.07203381601362852
2021-01-14 17:15:00,42.4,0.11182838312829527
2021-01-14 17:30:00,42.7999,0.10443481624758202
2021-01-14 17:45:00,42.28,0.09882565729827737
2021-01-14 18:00:00,41.85,0.09229179646936651
2021-01-14 18:15:00,41.9,0.09592972332015798
2021-01-14 18:30:00,42.2,0.09557378435517958
2021-01-14 18:45:00,42.35,0.08533919222139119
2021-01-14 19:00:00,42.1,0.08038630952380955
2021-01-14 19:15:00,42.1,0.08349135234590611
2021-01-14 19:30:00,42.1,0.06722051526717547
2021-01-14 19:45:00,42.1,0.08922810327706052
2021-01-14 20:00:00,42.1,0.10344406952965228
2021-01-14 20:15:00,42.1,0.08307847976307992
2021-01-14 20:30:00,42.1,0.11108428428428428
2021-01-14 20:45:00,42.1,0.1109711578947368
2021-01-14 21:00:00,42.1,0.09058674832962135
2021-01-14 21:15:00,42.1,0.11273441295546557
2021-01-14 21:30:00,42.1,0.11462422680412371
2021-01-14 21:45:00,42.1,0.09024106925880925
2021-01-14 22:00:00,42.1,0.08863738938053081
2021-01-14 22:15:00,42.1,0.10959422604422593
2021-01-14 22:30:00,42.1,0.10835025380710657
2021-01-14 22:45:00,42.1,0.09845375153751526
2021-01-14 23:00:00,42.1,0.10261266490765165
2021-01-14 23:15:00,42.1,0.0921376373626372
2021-01-14 23:30:00,42.1,0.06756788218793823
2021-01-14 23:45:00,42.1,0.07140150684931511
2021-01-15 00:00:00,42.1,0.03717238095238092
2021-01-15 00:15:00,42.1,0.11104796296296288
2021-01-15 00:30:00,42.1,0.08604785847299808
2021-01-15 00:45:00,42.1,0.08429740740740739
2021-01-15 01:00:00,42.1,0.08700655021834065
2021-01-15 01:15:00,42.1,0.0710590804597701
2021-01-15 01:30:00,42.1,0.09421515151515149
2021-01-15 01:45:00,42.1,0.08710498866213147
2021-01-15 02:00:00,42.1,0.06788160621761656
2021-01-15 02:15:00,42.1,0.08267223719676546
2021-01-15 02:30:00,42.1,0.08157558139534886
2021-01-15 02:45:00,42.1,0.09225887573964497
2021-01-15 03:00:00,42.1,0.06735612903225803
2021-01-15 03:15:00,42.2,0.07038885630498531
2021-01-15 03:30:00,40.98,0.03216347305389221
2021-01-15 03:45:00,40.65,0.09520588235294125
2021-01-15 04:00:00,42.0,0.051419488817891365
2021-01-15 04:15:00,41.85,0.13353146417445474
2021-01-15 04:30:00,41.38,0.06758240000000001
2021-01-15 04:45:00,41.59,0.10290029325513188
2021-01-15 05:00:00,41.32,0.08895380577427815
2021-01-15 05:15:00,40.5,0.06979576059850369
2021-01-15 05:30:00,40.63,0.10736106382978715
2021-01-15 05:45:00,40.95,0.06866067864271462
2021-01-15 06:00:00,40.68,0.06438553345388787
2021-01-15 06:15:00,40.82,0.0462833049403748
2021-01-15 06:30:00,38.69,0.05345709828393138
2021-01-15 06:45:00,38.55,0.058854333764553596
2021-01-15 07:00:00,38.79,0.06445776699029127
2021-01-15 07:15:00,38.5,0.045006069651741254
2021-01-15 07:30:00,37.5,0.058518493803622465
2021-01-15 07:45:00,37.69,0.08975121107266422
2021-01-15 08:00:00,38.1,0.07616153846153846
2021-01-15 08:15:00,38.277,0.05528970207253884
2021-01-15 08:30:00,38.83,0.05540585911784064
2021-01-15 08:45:00,38.49,0.032624900962082586
2021-01-15 09:00:00,38.21,0.022621064108155238
2021-01-15 09:15:00,37.384,0.009254028021015761
2021-01-15 09:30:00,36.78,0.04369442708333327
2021-01-15 09:45:00,36.14,0.0636649870801033
2021-01-15 10:00:00,36.715,0.034486298076923036
2021-01-15 10:15:00,36.615,0.05274825124910771
2021-01-15 10:30:00,36.8799,0.0655156297420333
2021-01-15 10:45:00,36.52,0.07805425303788405
2021-01-15 11:00:00,36.58,0.055442414860681036
2021-01-15 11:15:00,34.2765,0.06870443250503684
2021-01-15 11:30:00,35.01,0.0781171003717471
2021-01-15 11:45:00,35.14,0.07015244195356281
2021-01-15 12:00:00,36.41,0.05884678217821779
2021-01-15 12:15:00,35.8021,0.06597613548883755
2021-01-15 12:30:00,35.355,0.07919218071242388
2021-01-15 12:45:00,35.6199,0.058591541353383375
2021-01-15 13:00:00,35.9999,0.057907811080835564
2021-01-15 13:15:00,35.99,0.04108029330889087
2021-01-15 13:30:00,36.15,0.07589265858873837
2021-01-15 13:45:00,36.6939,0.05730704012112031
2021-01-15 14:00:00,38.075,0.03608498862774832
2021-01-15 14:15:00,37.88,0.012549445865302641
2021-01-15 14:30:00,37.0647,0.03851162055335968
2021-01-15 14:45:00,36.72,0.05045400778210105
2021-01-15 15:00:00,35.87,0.05395103878116339
2021-01-15 15:15:00,35.6,0.0822616229923922
2021-01-15 15:30:00,35.1,0.07046088709677416
2021-01-15 15:45:00,35.04,0.04930566666666668
2021-01-15 16:00:00,35.05,0.061333213429256565
2021-01-15 16:15:00,35.2,0.09381738066095453
2021-01-15 16:30:00,35.2499,0.0831766203703704
2021-01-15 16:45:00,35.67,0.07461820809248554
2021-01-15 17:00:00,35.85,0.09920850077279748
2021-01-15 17:15:00,35.8,0.0849332428765264
2021-01-15 17:30:00,35.9,0.058518873239436574
2021-01-15 17:45:00,36.06,0.11755370078740161
2021-01-15 18:00:00,35.99,0.07511524590163927
2021-01-15 18:15:00,35.9,0.07610169204737728
2021-01-15 18:30:00,35.9301,0.07713308823529408
2021-01-15 18:45:00,35.8,0.06760297397769516
2021-01-15 19:00:00,36.25,0.06714859504132223
2021-01-15 19:15:00,36.25,0.10716993243243231
2021-01-15 19:30:00,36.25,0.09717027027027023
2021-01-15 19:45:00,36.25,0.10719873417721519
2021-01-15 20:00:00,36.25,0.09045719120135344
2021-01-15 20:15:00,36.25,0.10677157258064508
2021-01-15 20:30:00,36.25,0.11106447105788421
2021-01-15 20:45:00,36.25,0.10772514506769827
2021-01-15 21:00:00,36.25,0.09708386454183264
2021-01-15 21:15:00,36.25,0.10102068965517243
2021-01-15 21:30:00,36.25,0.10957035398230093
2021-01-15 21:45:00,36.25,0.08383006396588483
2021-01-15 22:00:00,36.25,0.08954555808656042
2021-01-15 22:15:00,36.25,0.12897390300230951
2021-01-15 22:30:00,36.25,0.09695771670190263
2021-01-15 22:45:00,36.25,0.07781113402061851
2021-01-15 23:00:00,36.25,0.11300620689655172
2021-01-15 23:15:00,36.25,0.08412997858672384
2021-01-15 23:30:00,36.25,0.05223212669683258
2021-01-15 23:45:00,36.25,0.05999270072992702
2021-01-16 00:00:00,36.25,0.09764790575916234
2021-01-16 00:15:00,36.25,0.11586025641025637
2021-01-16 00:30:00,36.25,0.12978406593406597
2021-01-16 00:45:00,36.25,0.09350874125874127
2021-01-16 01:00:00,36.25,0.16781651917404114
2021-01-16 01:15:00,36.25,0.13567060810810813
2021-01-16 01:30:00,36.25,0.05341587837837836
2021-01-16 01:45:00,36.25,0.09844679999999999
2021-01-16 02:00:00,36.25,0.1055410256410256
2021-01-16 02:15:00,36.25,0.08918641304347825
2021-01-16 02:30:00,36.25,0.11138988764044944
2021-01-16 02:45:00,36.25,0.07852707182320441
2021-01-16 03:00:00,36.25,0.09812827586206897
2021-01-16 03:15:00,36.25,0.06187777777777778
2021-01-16 03:30:00,36.25,0.0862848275862069
2021-01-16 03:45:00,36.25,0.07674230769230768
2021-01-16 04:00:00,36.25,0.13640576923076933
2021-01-16 04:15:00,36.25,0.06126578947368421
2021-01-16 04:30:00,36.25,0.0435760736196319
2021-01-16 04:45:00,36.25,0.040044970414201186
2021-01-16 05:00:00,36.25,0.09036451612903225
2021-01-16 05:15:00,36.25,0.1271752212389381
2021-01-16 05:30:00,36.25,0.003175238095238087
2021-01-16 05:45:00,36.25,0.060953333333333345
2021-01-16 06:00:00,36.25,0.12227063492063497
2021-01-16 06:15:00,36.25,0.056289795918367344
2021-01-16 06:30:00,36.25,0.0580433734939759
2021-01-16 06:45:00,36.25,0.019931034482758632
2021-01-16 07:00:00,36.25,0.05656702127659575
2021-01-16 07:15:00,36.25,0.09621333333333337
2021-01-16 07:30:00,36.25,0.07507179487179491
2021-01-16 07:45:00,36.25,0.13787372262773723
2021-01-16 08:00:00,36.25,0.08601945701357475
2021-01-16 08:15:00,36.25,0.09710214285714282
2021-01-16 08:30:00,36.25,0.05823470031545741
2021-01-16 08:45:00,36.25,0.07210699708454812
2021-01-16 09:00:00,36.25,0.07899843750000003
2021-01-16 09:15:00,36.25,0.09652588832487308
2021-01-16 09:30:00,36.25,0.13427974358974357
2021-01-16 09:45:00,36.25,0.0974078804347827
2021-01-16 10:00:00,36.25,0.12378418708240536
2021-01-16 10:15:00,36.25,0.07647026431718057
2021-01-16 10:30:00,36.25,0.09315790645879735
2021-01-16 10:45:00,36.25,0.11491151960784311
2021-01-16 11:00:00,36.25,0.11559927360774813
2021-01-16 11:15:00,36.25,0.06647583148558762
2021-01-16 11:30:00,36.25,0.10444447058823522
2021-01-16 11:45:00,36.25,0.09364491150442474
2021-01-16 12:00:00,36.25,0.11725485829959512
2021-01-16 12:15:00,36.25,0.08070204545454548
2021-01-16 12:30:00,36.25,0.08540137931034479
2021-01-16 12:45:00,36.25,0.09474298642533932
2021-01-16 13:00:00,36.25,0.10646586956521732
2021-01-16 13:15:00,36.25,0.08352202970297026
2021-01-16 13:30:00,36.25,0.10951859154929572
2021-01-16 13:45:00,36.25,0.11374934383202097
2021-01-16 14:00:00,36.25,0.09837310924369748
2021-01-16 14:15:00,36.25,0.10842914285714286
2021-01-16 14:30:00,36.25,0.14122142857142853
2021-01-16 14:45:00,36.25,0.14850696378830075
2021-01-16 15:00:00,36.25,0.10478207282913166
2021-01-16 15:15:00,36.25,0.11192970588235283
2021-01-16 15:30:00,36.25,0.0941755681818182
2021-01-16 15:45:00,36.25,0.14489144736842105
2021-01-16 16:00:00,36.25,0.091256906077348
2021-01-16 16:15:00,36.25,0.08726369426751596
2021-01-16 16:30:00,36.25,0.06737831325301202
2021-01-16 16:45:00,36.25,0.04921253333333336
2021-01-16 17:00:00,36.25,0.1180104046242775
2021-01-16 17:15:00,36.25,0.10228873626373612
2021-01-16 17:30:00,36.25,0.11922146892655361
2021-01-16 17:45:00,36.25,0.14742358803986702
2021-01-16 18:00:00,36.25,0.08442030769230763
2021-01-16 18:15:00,36.25,0.12672523364485974
2021-01-16 18:30:00,36.25,0.0922420245398773
2021-01-16 18:45:00,36.25,0.1023227564102564
2021-01-16 19:00:00,36.25,0.07932246153846159
2021-01-16 19:15:00,36.25,0.11772064343163538
2021-01-16 19:30:00,36.25,0.11897187499999987
2021-01-16 19:45:00,36.25,0.09700932642487056
2021-01-16 20:00:00,36.25,0.0982568965517241
2021-01-16 20:15:00,36.25,0.06891005154639172
2021-01-16 20:30:00,36.25,0.08148025477707004
2021-01-16 20:45:00,36.25,0.08679281249999996
2021-01-16 21:00:00,36.25,0.05420302197802194
2021-01-16 21:15:00,36.25,0.10103961661341851
2021-01-16 21:30:00,36.25,0.09974612903225805
2021-01-16 21:45:00,36.25,0.09522920110192837
2021-01-16 22:00:00,36.25,0.06218729641693812
2021-01-16 22:15:00,36.25,0.07637326388888886
2021-01-16 22:30:00,36.25,0.11610126582278486
2021-01-16 22:45:00,36.25,0.11986633333333332
2021-01-16 23:00:00,36.25,0.14413644859813085
2021-01-16 23:15:00,36.25,0.10458262195121956
2021-01-16 23:30:00,36.25,0.13411378091872803
2021-01-16 23:45:00,36.25,0.11138850174216029
2021-01-17 00:00:00,36.25,0.12745803921568627
2021-01-17 00:15:00,36.25,0.10343843749999995
2021-01-17 00:30:00,36.25,0.09425535714285718
2021-01-17 00:45:00,36.25,0.07187970297029703
2021-01-17 01:00:00,36.25,0.13320983606557377
2021-01-17 01:15:00,36.25,0.10699816513761468
2021-01-17 01:30:00,36.25,0.08657050691244239
2021-01-17 01:45:00,36.25,0.08849230769230773
2021-01-17 02:00:00,36.25,0.06254325581395344
2021-01-17 02:15:00,36.25,0.045778854625550675
2021-01-17 02:30:00,36.25,0.08600287081339716
2021-01-17 02:45:00,36.25,0.12235125628140703
2021-01-17 03:00:00,36.25,0.10528251748251749
2021-01-17 03:15:00,36.25,0.06258750000000003
2021-01-17 03:30:00,36.25,0.1225862595419847
2021-01-17 03:45:00,36.25,0.023371578947368424
2021-01-17 04:00:00,36.25,0.14225900000000002
2021-01-17 04:15:00,36.25,0.1574252427184466
2021-01-17 04:30:00,36.25,0.02657500000000001
2021-01-17 04:45:00,36.25,0.1458712962962963
2021-01-17 05:00:00,36.25,0.11952916666666669
2021-01-17 05:15:00,36.25,0.10769595959595957
2021-01-17 05:30:00,36.25,0.1212885714285714
2021-01-17 05:45:00,36.25,0.2114842696629213
2021-01-17 06:00:00,36.25,0.03319999999999999
2021-01-17 06:15:00,36.25,0.15170973451327432
2021-01-17 06:30:00,36.25,0.06691857142857144
2021-01-17 06:45:00,36.25,0.08597480314960627
2021-01-17 07:00:00,36.25,0.09754701492537313
2021-01-17 07:15:00,36.25,0.13780903614457826
2021-01-17 07:30:00,36.25,0.10645219780219774
2021-01-17 07:45:00,36.25,0.07810309278350513
2021-01-17 08:00:00,36.25,0.06972352941176475
2021-01-17 08:15:00,36.25,0.08812489082969437
2021-01-17 08:30:00,36.25,0.1494225108225108
2021-01-17 08:45:00,36.25,0.1352417840375587
2021-01-17 09:00:00,36.25,0.133053667953668
2021-01-17 09:15:00,36.25,0.15446200000000004
2021-01-17 09:30:00,36.25,0.15650456140350869
2021-01-17 09:45:00,36.25,0.10900888888888889
2021-01-17 10:00:00,36.25,0.11504216867469874
2021-01-17 10:15:00,36.25,0.11360791556728225
2021-01-17 10:30:00,36.25,0.08486238805970145
2021-01-17 10:45:00,36.25,0.12089290123456792
2021-01-17 11:00:00,36.25,0.08219921259842522
2021-01-17 11:15:00,36.25,0.07708422939068102
2021-01-17 11:30:00,36.25,0.07764070512820508
2021-01-17 11:45:00,36.25,0.1420429042904289
2021-01-17 12:00:00,36.25,0.14366753246753247
2021-01-17 12:15:00,36.25,0.11501540697674426
2021-01-17 12:30:00,36.25,0.11526639784946237
2021-01-17 12:45:00,36.25,0.1164027777777778
2021-01-17 13:00:00,36.25,0.13598716049382728
2021-01-17 13:15:00,36.25,0.09252072538860098
2021-01-17 13:30:00,36.25,0.1181474114441417
2021-01-17 13:45:00,36.25,0.11488795180722895
2021-01-17 14:00:00,36.25,0.1213112676056337
2021-01-17 14:15:00,36.25,0.08952078947368422
2021-01-17 14:30:00,36.25,0.04155972972972975
2021-01-17 14:45:00,36.25,0.07697523364485978
2021-01-17 15:00:00,36.25,0.11260546318289787
2021-01-17 15:15:00,36.25,0.09017244444444446
2021-01-17 15:30:00,36.25,0.06945535248041777
2021-01-17 15:45:00,36.25,0.10880613810741684
2021-01-17 16:00:00,36.25,0.09813877551020404
2021-01-17 16:15:00,36.25,0.05609088729016788
2021-01-17 16:30:00,36.25,0.134277894736842
2021-01-17 16:45:00,36.25,0.0644350305498982
2021-01-17 17:00:00,36.25,0.04733922902494328
2021-01-17 17:15:00,36.25,0.05961801566579634
2021-01-17 17:30:00,36.25,0.05121460674157304
2021-01-17 17:45:00,36.25,0.10045805739514344
2021-01-17 18:00:00,36.25,0.08683341013824875
2021-01-17 18:15:00,36.25,0.06010671462829736
2021-01-17 18:30:00,36.25,0.05391855072463767
2021-01-17 18:45:00,36.25,0.07537978436657682
2021-01-17 19:00:00,36.25,0.09216524999999995
2021-01-17 19:15:00,36.25,0.08669598214285715
2021-01-17 19:30:00,36.25,0.03350509259259261
2021-01-17 19:45:00,36.25,0.05326335078534032
2021-01-17 20:00:00,36.25,0.05682145833333332
2021-01-17 20:15:00,36.25,0.049576923076923046
2021-01-17 20:30:00,36.25,0.0415643584521385
2021-01-17 20:45:00,36.25,0.08187037914691941
2021-01-17 21:00:00,36.25,0.0771627118644068
2021-01-17 21:15:00,36.25,0.055366933867735516
2021-01-17 21:30:00,36.25,0.01454423076923077
2021-01-17 21:45:00,36.25,0.05380087527352296
2021-01-17 22:00:00,36.25,0.08175981524249429
2021-01-17 22:15:00,36.25,0.08552487046632126
2021-01-17 22:30:00,36.25,0.022448979591836737
2021-01-17 22:45:00,36.25,0.09319077380952379
2021-01-17 23:00:00,36.25,0.09572006079027354
2021-01-17 23:15:00,36.25,0.0656810734463277
2021-01-17 23:30:00,36.25,0.057591847826086916
2021-01-17 23:45:00,36.25,0.06351183800623054
2021-01-18 00:00:00,36.25,0.10190666666666665
2021-01-18 00:15:00,36.25,0.07018485804416405
2021-01-18 00:30:00,36.25,0.08035730994152049
2021-01-18 00:45:00,36.25,0.09775143678160911
2021-01-18 01:00:00,36.25,0.09971629072681697
2021-01-18 01:15:00,36.25,0.09386101265822784
2021-01-18 01:30:00,36.25,0.06215803571428567
2021-01-18 01:45:00,36.25,0.0021037499999999945
2021-01-18 02:00:00,36.25,0.09822515923566881
2021-01-18 02:15:00,36.25,0.0893208
2021-01-18 02:30:00,36.25,0.06492403433476392
2021-01-18 02:45:00,36.25,0.06882360515021459
2021-01-18 03:00:00,36.25,0.06855350000000002
2021-01-18 03:15:00,36.25,0.08343422459893053
2021-01-18 03:30:00,36.25,0.03970681818181818
2021-01-18 03:45:00,36.25,0.09305028248587568
2021-01-18 04:00:00,36.25,0.04518052631578947
2021-01-18 04:15:00,36.25,0.05444632768361582
2021-01-18 04:30:00,36.25,0.0864670157068063
2021-01-18 04:45:00,36.25,0.1037559523809524
2021-01-18 05:00:00,36.25,0.04986043956043958
2021-01-18 05:15:00,36.25,0.07546157894736842
2021-01-18 05:30:00,36.25,0.08991076923076927
2021-01-18 05:45:00,36.25,0.07562806122448983
2021-01-18 06:00:00,36.25,0.045252999999999995
2021-01-18 06:15:00,36.25,0.014716267942583747
2021-01-18 06:30:00,36.25,0.03664938271604938
2021-01-18 06:45:00,36.25,0.10501471861471862
2021-01-18 07:00:00,36.25,0.09364336569579292
2021-01-18 07:15:00,36.25,0.04634123989218331
2021-01-18 07:30:00,36.25,0.09085733333333333
2021-01-18 07:45:00,36.25,0.1357077669902913
2021-01-18 08:00:00,36.25,0.04839262086513994
2021-01-18 08:15:00,36.25,0.09722171945701355
2021-01-18 08:30:00,36.25,0.060099821746880534
2021-01-18 08:45:00,36.25,0.08902979452054785
2021-01-18 09:00:00,36.25,0.10218875219683651
2021-01-18 09:15:00,36.25,0.054186159844054546
2021-01-18 09:30:00,36.25,0.12600468749999985
2021-01-18 09:45:00,36.25,0.047775757575757576
2021-01-18 10:00:00,36.25,0.10625603773584907
2021-01-18 10:15:00,36.25,0.09155936952714525
2021-01-18 10:30:00,36.25,0.09925857142857139
2021-01-18 10:45:00,36.25,0.08284362519201231
2021-01-18 11:00:00,36.25,0.11097185534591178
2021-01-18 11:15:00,36.25,0.08642298456260715
2021-01-18 11:30:00,36.25,0.0867278546712803
2021-01-18 11:45:00,36.25,0.04670089928057554
2021-01-18 12:00:00,36.25,0.06951771217712177
2021-01-18 12:15:00,36.25,0.11080770676691722
2021-01-18 12:30:00,36.25,0.07469107142857145
2021-01-18 12:45:00,36.25,0.09351045296167244
2021-01-18 13:00:00,36.25,0.10194013157894725
2021-01-18 13:15:00,36.25,0.09231492007104791
2021-01-18 13:30:00,36.25,0.07119209677419364
2021-01-18 13:45:00,36.25,0.09306601208459213
2021-01-18 14:00:00,36.25,0.07432223974763404
2021-01-18 14:15:00,36.25,0.06696462346760058
2021-01-18 14:30:00,36.25,0.08836907356948219
2021-01-18 14:45:00,36.25,0.09170972447325772
2021-01-18 15:00:00,36.25,0.08274219858156028
2021-01-18 15:15:00,36.25,0.0842112307692307
2021-01-18 15:30:00,36.25,0.09489661835748789
2021-01-18 15:45:00,36.25,0.051710843373494
2021-01-18 16:00:00,36.25,0.05106466552315609
2021-01-18 16:15:00,36.25,0.05441396160558462
2021-01-18 16:30:00,36.25,0.051643630573248396
2021-01-18 16:45:00,36.25,0.08577844112769482
2021-01-18 17:00:00,36.25,0.10301262975778538
2021-01-18 17:15:00,36.25,0.11010264797507782
2021-01-18 17:30:00,36.25,0.07771507293354935
2021-01-18 17:45:00,36.25,0.08094548440065684
2021-01-18 18:00:00,36.25,0.0674521276595745
2021-01-18 18:15:00,36.25,0.01688683760683763
2021-01-18 18:30:00,36.25,0.08069303405572752
2021-01-18 18:45:00,36.25,0.04534178861788617
2021-01-18 19:00:00,36.25,0.06708428351309706
2021-01-18 19:15:00,36.25,0.07271551459293393
2021-01-18 19:30:00,36.25,0.07190479041916163
2021-01-18 19:45:00,36.25,0.054598129251700676
2021-01-18 20:00:00,36.25,0.09224607329842921
2021-01-18 20:15:00,36.25,0.056445225225225264
2021-01-18 20:30:00,36.25,0.10101513043478258
2021-01-18 20:45:00,36.25,0.06649173419773093
2021-01-18 21:00:00,36.25,0.08450877513711157
2021-01-18 21:15:00,36.25,0.07876823161189353
2021-01-18 21:30:00,36.25,0.06433760107816704
2021-01-18 21:45:00,36.25,0.06944896661367243
2021-01-18 22:00:00,36.25,0.0647066889632107
2021-01-18 22:15:00,36.25,0.07476939443535185
2021-01-18 22:30:00,36.25,0.07754272211720212
2021-01-18 22:45:00,36.25,0.07216203522504888
2021-01-18 23:00:00,36.25,0.08114229249011853
2021-01-18 23:15:00,36.25,0.05706477987421386
2021-01-18 23:30:00,36.25,0.0762401055408971
2021-01-18 23:45:00,36.25,0.09424715447154472
2021-01-19 00:00:00,36.25,0.09815739795918367
2021-01-19 00:15:00,36.25,0.10892207792207789
2021-01-19 00:30:00,36.25,0.09982806122448984
2021-01-19 00:45:00,36.25,0.07551005025125629
2021-01-19 01:00:00,36.25,0.09963216216216204
2021-01-19 01:15:00,36.25,0.058428808864265956
2021-01-19 01:30:00,36.25,0.0785770270270271
2021-01-19 01:45:00,36.25,0.06380984126984128
2021-01-19 02:00:00,36.25,0.0685971830985916
2021-01-19 02:15:00,36.25,0.05225457746478871
2021-01-19 02:30:00,36.25,0.07724909747292423
2021-01-19 02:45:00,36.25,0.07570700000000001
2021-01-19 03:00:00,36.25,0.04845891238670694
2021-01-19 03:15:00,39.0,0.09497089337175796
2021-01-19 03:30:00,41.37,0.0953996794871795
2021-01-19 03:45:00,40.01,0.0407922558922559
2021-01-19 04:00:00,41.0,0.09498159722222221
2021-01-19 04:15:00,40.77,0.09263918918918916
2021-01-19 04:30:00,40.62,0.09364398625429553
2021-01-19 04:45:00,41.3,0.10887515923566876
2021-01-19 05:00:00,41.02,0.10680925925925919
2021-01-19 05:15:00,41.1,0.12198240223463681
2021-01-19 05:30:00,40.75,0.1219976923076923
2021-01-19 05:45:00,40.33,0.058855468749999966
2021-01-19 06:00:00,40.41,0.11829138655462176
2021-01-19 06:15:00,40.5,0.05086327345309379
2021-01-19 06:30:00,37.18,0.07454845995893225
2021-01-19 06:45:00,38.61,0.06751348920863315
2021-01-19 07:00:00,38.5,0.10211416083916076
2021-01-19 07:15:00,38.38,0.11662113475177303
2021-01-19 07:30:00,40.14,0.05685983263598323
2021-01-19 07:45:00,39.76,0.05426080937167202
2021-01-19 08:00:00,39.81,0.06046529182879375
2021-01-19 08:15:00,40.85,0.07861807465618853
2021-01-19 08:30:00,42.39,0.024749755201958365
2021-01-19 08:45:00,41.55,0.04587041166380783
2021-01-19 09:00:00,44.27,-0.010342743764172331
2021-01-19 09:15:00,40.75,0.01913617300131062
2021-01-19 09:30:00,39.3804,0.04250989445910288
2021-01-19 09:45:00,37.6537,0.047080064308681675
2021-01-19 10:00:00,37.18,0.059097575431034485
2021-01-19 10:15:00,37.79,0.04287843023255819
2021-01-19 10:30:00,39.2237,0.06411301050175029
2021-01-19 10:45:00,38.4874,0.05714730609828306
2021-01-19 11:00:00,38.28,0.07657192564346987
2021-01-19 11:15:00,39.63,0.08578928157589802
2021-01-19 11:30:00,41.3501,0.09116583990980842
2021-01-19 11:45:00,40.9752,0.0761224679860303
2021-01-19 12:00:00,41.3725,0.07466772300469476
2021-01-19 12:15:00,42.0295,0.05127475601821719
2021-01-19 12:30:00,41.63,0.05795895166780112
2021-01-19 12:45:00,40.97,0.07637930607187117
2021-01-19 13:00:00,40.685,0.07766094202898556
2021-01-19 13:15:00,40.9444,0.06670649441340774
2021-01-19 13:30:00,40.1435,0.07994515151515152
2021-01-19 13:45:00,39.9,0.07301557995881951
2021-01-19 14:00:00,39.975,0.09599533045977005
2021-01-19 14:15:00,40.2607,0.0649364751452549
2021-01-19 14:30:00,40.4208,0.07958521909744923
2021-01-19 14:45:00,39.86,0.06869484670580557
2021-01-19 15:00:00,39.09,0.07681651263093021
2021-01-19 15:15:00,39.36,0.07174238026124818
2021-01-19 15:30:00,39.11,0.07238417322834644
2021-01-19 15:45:00,38.89,0.08085660528422733
2021-01-19 16:00:00,38.65,0.08887650501672231
2021-01-19 16:15:00,38.84,0.08711274418604639
2021-01-19 16:30:00,38.8,0.07854568527918784
2021-01-19 16:45:00,38.86,0.07750889110889102
2021-01-19 17:00:00,38.85,0.10888554216867456
2021-01-19 17:15:00,38.9,0.08982513089005228
2021-01-19 17:30:00,38.96,0.07288010416666663
2021-01-19 17:45:00,38.9,0.11546303099885176
2021-01-19 18:00:00,38.8,0.08882215025906728
2021-01-19 18:15:00,38.7,0.102125664893617
2021-01-19 18:30:00,38.7,0.09074248633879768
2021-01-19 18:45:00,38.68,0.0851285140562248
2021-01-19 19:00:00,38.6,0.09577071742313316
2021-01-19 19:15:00,38.6,0.08922397660818708
2021-01-19 19:30:00,38.6,0.05749876880984944
2021-01-19 19:45:00,38.6,0.060751228978007756
2021-01-19 20:00:00,38.6,0.12254611111111102
2021-01-19 20:15:00,38.6,0.09111739745403102
2021-01-19 20:30:00,38.6,0.0952623776223776
2021-01-19 20:45:00,38.6,0.1193731494920173
2021-01-19 21:00:00,38.6,0.07931641379310338
2021-01-19 21:15:00,38.6,0.03596277372262779
2021-01-19 21:30:00,38.6,0.08920542082738929
2021-01-19 21:45:00,38.6,0.09333529411764693
2021-01-19 22:00:00,38.6,0.06220478199718701
2021-01-19 22:15:00,38.6,0.04652279202279194
2021-01-19 22:30:00,38.6,0.06813328025477706
2021-01-19 22:45:00,38.6,0.0771411764705882
2021-01-19 23:00:00,38.6,0.07410499168053249
2021-01-19 23:15:00,38.6,0.11136427255985264
2021-01-19 23:30:00,38.6,0.11634828244274803
2021-01-19 23:45:00,38.6,0.11751095406360415
2021-01-20 00:00:00,38.6,0.039931901840490794
2021-01-20 00:15:00,38.6,0.08370455486542448
2021-01-20 00:30:00,38.6,0.0616784782608696
2021-01-20 00:45:00,38.6,0.09748083003952572
2021-01-20 01:00:00,38.6,0.10808305439330547
2021-01-20 01:15:00,38.6,0.042044389027431406
2021-01-20 01:30:00,38.6,0.024031578947368414
2021-01-20 01:45:00,38.6,0.05439420731707313
2021-01-20 02:00:00,38.6,0.10025122699386503
2021-01-20 02:15:00,38.6,0.04554107744107745
2021-01-20 02:30:00,38.6,0.07187938144329892
2021-01-20 02:45:00,38.6,0.10164054054054049
2021-01-20 03:00:00,38.6,0.05123436532507738
2021-01-20 03:15:00,38.5,0.09075767045454543
2021-01-20 03:30:00,37.5,0.060529903536977535
2021-01-20 03:45:00,38.0,0.06267720588235293
2021-01-20 04:00:00,38.0,0.08138210526315791
2021-01-20 04:15:00,38.05,0.1073426666666667
2021-01-20 04:30:00,38.0,0.055724117647058834
2021-01-20 04:45:00,38.03,0.12042672672672666
2021-01-20 05:00:00,37.83,0.07577287671232877
2021-01-20 05:15:00,37.7,0.06532073170731703
2021-01-20 05:30:00,37.55,0.07761121212121208
2021-01-20 05:45:00,38.0,0.08777109826589592
2021-01-20 06:00:00,37.8,0.046933947368421075
2021-01-20 06:15:00,37.92,0.08686000000000002
2021-01-20 06:30:00,37.67,0.10923577981651371
2021-01-20 06:45:00,37.79,0.051083463035019434
2021-01-20 07:00:00,37.96,0.06673192660550457
2021-01-20 07:15:00,37.65,0.07242259194395795
2021-01-20 07:30:00,37.63,0.07696576704545445
2021-01-20 07:45:00,37.49,0.06222806603773584
2021-01-20 08:00:00,37.33,0.08373104838709666
2021-01-20 08:15:00,37.95,0.06307462932454685
2021-01-20 08:30:00,37.5,0.05261467828418215
2021-01-20 08:45:00,37.37,0.044313667285095816
2021-01-20 09:00:00,38.475,0.0646005329780145
2021-01-20 09:15:00,37.97,0.05098670377241811
2021-01-20 09:30:00,37.59,0.05712031823745408
2021-01-20 09:45:00,36.693,0.05214097496706194
2021-01-20 10:00:00,37.77,0.022875425123422864
2021-01-20 10:15:00,36.86,0.021488336008560757
2021-01-20 10:30:00,38.07,0.046916098403107426
2021-01-20 10:45:00,38.76,0.0467456725755995
2021-01-20 11:00:00,39.995,0.055184596577017006
2021-01-20 11:15:00,39.28,0.072309906542056
2021-01-20 11:30:00,39.11,0.07321591836734685
2021-01-20 11:45:00,38.6,0.11402869628550628
2021-01-20 12:00:00,38.6312,0.13059568965517243
2021-01-20 12:15:00,38.635,0.13059568965517243
2021-01-20 12:30:00,38.0,0.13059568965517243
2021-01-20 12:45:00,38.5367,0.06715240825688064
2021-01-20 13:00:00,39.19,0.07891629991850019
2021-01-20 13:15:00,39.275,0.0955917808219176
2021-01-20 13:30:00,39.36,0.09619315181518143
2021-01-20 13:45:00,39.1357,0.07945374912403635
2021-01-20 14:00:00,39.3299,0.04361494992846918
2021-01-20 14:15:00,39.6,0.07571311975591147
2021-01-20 14:30:00,39.33,0.07116024844720494
2021-01-20 14:45:00,39.055,0.09427462349397585
2021-01-20 15:00:00,39.035,0.08747838983050849
2021-01-20 15:15:00,39.01,0.10995192644483344
2021-01-20 15:30:00,39.13,0.10933447937131609
2021-01-20 15:45:00,38.9,0.10396748526522587
2021-01-20 16:00:00,38.7,0.10255092165898598
2021-01-20 16:15:00,38.84,0.1048305711086226
2021-01-20 16:30:00,38.84,0.11177275711159725
2021-01-20 16:45:00,38.75,0.10453024618991787
2021-01-20 17:00:00,38.85,0.08757950236966815
2021-01-20 17:15:00,38.83,0.07525759280089973
2021-01-20 17:30:00,38.99,0.1310080103359172
2021-01-20 17:45:00,39.0,0.09798567870485678
2021-01-20 18:00:00,38.94,0.1264595460614151
2021-01-20 18:15:00,38.89,0.07363713188220226
2021-01-20 18:30:00,38.92,0.06613689458689456
2021-01-20 18:45:00,38.88,0.12079216524216511
2021-01-20 19:00:00,39.0,0.11157191011235947
2021-01-20 19:15:00,39.0,0.0928252361673414
2021-01-20 19:30:00,39.0,0.07991647727272728
2021-01-20 19:45:00,39.0,0.09285198511166251
2021-01-20 20:00:00,39.0,0.07661638954869358
2021-01-20 20:15:00,39.0,0.12593805668016175
2021-01-20 20:30:00,39.0,0.0799890361445783
2021-01-20 20:45:00,39.0,0.08293842364532013
2021-01-20 21:00:00,39.0,0.12513936039360377
2021-01-20 21:15:00,39.0,0.09249069478908188
2021-01-20 21:30:00,39.0,0.13613884803921553
2021-01-20 21:45:00,39.0,0.07607526881720424
2021-01-20 22:00:00,39.0,0.10672530413625292
2021-01-20 22:15:00,39.0,0.07822328190743337
2021-01-20 22:30:00,39.0,0.0974830725462305
2021-01-20 22:45:00,39.0,0.0943980538922156
2021-01-20 23:00:00,39.0,0.09195446153846143
2021-01-20 23:15:00,39.0,0.08254491803278677
2021-01-20 23:30:00,39.0,0.1053220952380953
2021-01-20 23:45:00,39.0,0.13031651542649722
2021-01-21 00:00:00,39.0,0.10791306818181814
2021-01-21 00:15:00,39.0,0.10536454352441615
2021-01-21 00:30:00,39.0,0.08668596837944659
2021-01-21 00:45:00,39.0,0.06977720588235296
2021-01-21 01:00:00,39.0,0.05224813664596273
2021-01-21 01:15:00,39.0,0.12181753926701568
2021-01-21 01:30:00,39.0,0.07378357348703174
2021-01-21 01:45:00,39.0,0.0625821917808219
2021-01-21 02:00:00,39.0,0.056522627737226244
2021-01-21 02:15:00,39.0,0.12200181159420292
2021-01-21 02:30:00,39.0,0.0843877551020408
2021-01-21 02:45:00,39.0,0.0781972868217054
2021-01-21 03:00:00,39.0,0.04242056074766354
2021-01-21 03:15:00,39.0,0.1285004830917874
2021-01-21 03:30:00,39.0,0.0689069105691057
2021-01-21 03:45:00,39.2,0.07067325581395346
2021-01-21 04:00:00,39.2,0.05029708333333333
2021-01-21 04:15:00,39.2,0.11954741379310345
2021-01-21 04:30:00,39.2,0.11378795620437948
2021-01-21 04:45:00,39.2,0.0551027649769585
2021-01-21 05:00:00,39.2,0.06464083601286173
2021-01-21 05:15:00,39.2,0.12278727810650882
2021-01-21 05:30:00,39.2,0.10197804878048786
2021-01-21 05:45:00,39.2,0.12010510510510514
2021-01-21 06:00:00,38.95,0.0801480662983425
2021-01-21 06:15:00,38.75,0.07639754901960785
2021-01-21 06:30:00,38.89,0.14016673773987204
2021-01-21 06:45:00,38.56,0.0672923211169284
2021-01-21 07:00:00,38.64,0.1250311248073958
2021-01-21 07:15:00,38.5501,0.07029403606102627
2021-01-21 07:30:00,38.77,0.1079195754716979
2021-01-21 07:45:00,39.26,0.08162243093922628
2021-01-21 08:00:00,39.2499,0.059853467336683376
2021-01-21 08:15:00,39.05,0.060868547008546964
2021-01-21 08:30:00,39.2,0.016223310344827577
2021-01-21 08:45:00,39.23,0.06411880341880327
2021-01-21 09:00:00,37.72,0.05431958955223881
2021-01-21 09:15:00,38.51,0.08369164759725392
2021-01-21 09:30:00,38.74,0.05800251471375047
2021-01-21 09:45:00,38.8038,0.06757644628099178
2021-01-21 10:00:00,40.345,0.07960845150311965
2021-01-21 10:15:00,39.8289,0.07049337860780985
2021-01-21 10:30:00,39.55,0.003891616161616168
2021-01-21 10:45:00,40.2259,0.02311325902024048
2021-01-21 11:00:00,41.5309,0.02768948040885857
2021-01-21 11:15:00,42.3,0.030961885076477843
2021-01-21 11:30:00,40.1943,0.048888691358024726
2021-01-21 11:45:00,39.0711,0.05386813361611869
2021-01-21 12:00:00,39.865,0.047130217248189554
2021-01-21 12:15:00,39.61,0.03668518964479226
2021-01-21 12:30:00,41.33,0.0752441759603468
2021-01-21 12:45:00,41.3582,0.03643141646489101
2021-01-21 13:00:00,41.12,0.06565050111358564
2021-01-21 13:15:00,42.2413,0.07879971526195896
2021-01-21 13:30:00,41.83,0.0917086002372479
2021-01-21 13:45:00,42.0205,0.08699819030939886
2021-01-21 14:00:00,41.5799,0.030720033764772055
2021-01-21 14:15:00,40.53,0.07304162995594717
2021-01-21 14:30:00,41.17,0.07621515453639076
2021-01-21 14:45:00,42.66,0.060596180860403685
2021-01-21 15:00:00,42.06,0.08833423076923086
2021-01-21 15:15:00,43.03,0.07641011793916813
2021-01-21 15:30:00,43.93,0.07126659308314934
2021-01-21 15:45:00,43.01,0.06621091192517531
2021-01-21 16:00:00,42.76,0.08393310404127256
2021-01-21 16:15:00,42.81,0.08177114093959723
2021-01-21 16:30:00,42.75,0.06673224821973545
2021-01-21 16:45:00,42.56,0.08370325203252021
2021-01-21 17:00:00,42.74,0.10271738281249984
2021-01-21 17:15:00,43.9,0.07951003976143126
2021-01-21 17:30:00,43.6,0.09011581233709812
2021-01-21 17:45:00,43.7,0.06540900225056256
2021-01-21 18:00:00,45.09,0.07500505050505057
2021-01-21 18:15:00,45.31,0.05188596597812876
2021-01-21 18:30:00,46.36,0.054932241250930734
2021-01-21 18:45:00,46.8,0.08347110766847396
2021-01-21 19:00:00,45.76,0.06830035492457841
2021-01-21 19:15:00,45.76,0.09516507633587779
2021-01-21 19:30:00,45.76,0.08221452736318408
2021-01-21 19:45:00,45.76,0.049232167152575265
2021-01-21 20:00:00,45.76,0.060746378269617526
2021-01-21 20:15:00,45.76,0.05260090543259548
2021-01-21 20:30:00,45.76,0.0566892821031345
2021-01-21 20:45:00,45.76,0.0569998974358974
2021-01-21 21:00:00,45.76,0.06455526046986725
2021-01-21 21:15:00,45.76,0.04042754065040654
2021-01-21 21:30:00,45.76,0.0628065101387406
2021-01-21 21:45:00,45.76,0.06815078124999989
2021-01-21 22:00:00,45.76,0.04848926174496635
2021-01-21 22:15:00,45.76,0.04106067415730337
2021-01-21 22:30:00,45.76,0.041187185628742524
2021-01-21 22:45:00,45.76,0.04515242165242167
2021-01-21 23:00:00,45.76,-0.15080000000000002
2021-01-21 23:15:00,45.76,0.26030000000000003
2021-01-21 23:30:00,45.76,0.059180000000000024
2021-01-21 23:45:00,45.76,-0.029480165289256198
2021-01-22 00:00:00,45.76,-0.02686139497161391
2021-01-22 00:15:00,45.76,-0.016460727611940253
2021-01-22 00:30:00,45.76,0.0385181532004197
2021-01-22 00:45:00,45.76,0.02101573170731707
2021-01-22 01:00:00,45.76,0.050188021534320296
2021-01-22 01:15:00,45.76,0.038628087986463625
2021-01-22 01:30:00,45.76,0.04514749568221071
2021-01-22 01:45:00,45.76,0.06130243902439024
2021-01-22 02:00:00,45.76,0.05306995192307696
2021-01-22 02:15:00,45.76,0.03741417721518986
2021-01-22 02:30:00,45.76,0.0677362397820164
2021-01-22 02:45:00,45.76,0.042208490566037704
2021-01-22 03:00:00,45.76,0.0531925824175824
2021-01-22 03:15:00,44.66,0.06436787709497206
2021-01-22 03:30:00,45.27,0.05418471760797344
2021-01-22 03:45:00,44.26,0.057304615384615426
2021-01-22 04:00:00,45.35,0.05548021978021978
2021-01-22 04:15:00,45.1,0.0632370860927152
2021-01-22 04:30:00,45.1,0.09946264150943394
2021-01-22 04:45:00,44.14,0.06610610169491526
2021-01-22 05:00:00,44.35,0.0761348404255319
2021-01-22 05:15:00,44.76,0.06800559139784941
2021-01-22 05:30:00,45.0,0.07331926070038906
2021-01-22 05:45:00,45.15,0.05846279069767444
2021-01-22 06:00:00,45.0,0.05352250489236798
2021-01-22 06:15:00,44.81,0.053192307692307685
2021-01-22 06:30:00,44.58,0.07238398533007337
2021-01-22 06:45:00,45.52,0.10194530706836599
2021-01-22 07:00:00,45.31,0.09121072625698308
2021-01-22 07:15:00,44.7672,0.05200581896551721
2021-01-22 07:30:00,44.28,0.08885712988192533
2021-01-22 07:45:00,44.78,0.0730726083401472
2021-01-22 08:00:00,44.04,0.06773374805598747
2021-01-22 08:15:00,44.19,0.06750036319612582
2021-01-22 08:30:00,44.25,0.0768058383233533
2021-01-22 08:45:00,42.59,0.05980640478223735
2021-01-22 09:00:00,43.99,0.041222760709649406
2021-01-22 09:15:00,45.99,0.06602157407407411
2021-01-22 09:30:00,44.4,0.061915554553651914
2021-01-22 09:45:00,45.5,0.05971232300038267
2021-01-22 10:00:00,46.8277,0.08583047895500727
2021-01-22 10:15:00,47.687,0.06924438790781205
2021-01-22 10:30:00,47.8188,0.0614430217669654
2021-01-22 10:45:00,48.56,0.07801615120274913
2021-01-22 11:00:00,51.2288,0.09213827738029708
2021-01-22 11:15:00,52.2,0.06200956579237388
2021-01-22 11:30:00,55.785,0.036117826086956545
2021-01-22 11:45:00,61.4907,0.013068273943568666
2021-01-22 12:00:00,68.0,0.025617135549872133
2021-01-22 12:15:00,70.385,0.05365219485089819
2021-01-22 12:30:00,57.7549,0.05879699753529025
2021-01-22 12:45:00,59.2252,0.06948133333333344
2021-01-22 13:00:00,61.31,0.06260191263892484
2021-01-22 13:15:00,54.9955,0.08368133791809944
2021-01-22 13:30:00,58.1695,0.06843058124174362
2021-01-22 13:45:00,59.5938,0.07081117111036118
2021-01-22 14:00:00,59.825,0.0739537086985838
2021-01-22 14:15:00,59.185,0.07910009891196844
2021-01-22 14:30:00,57.36,0.09607601683029453
2021-01-22 14:45:00,61.139,0.06490505302557706
2021-01-22 15:00:00,60.761,0.11268387893761571
2021-01-22 15:15:00,65.0,0.10577605516088603
2021-01-22 15:30:00,63.84,0.10874643019554335
2021-01-22 15:45:00,65.55,0.1012591362126246
2021-01-22 16:00:00,67.27,0.1171121167161229
2021-01-22 16:15:00,67.5,0.11159009748589
2021-01-22 16:30:00,66.9,0.11800674581759314
2021-01-22 16:45:00,66.89,0.09838549400342664
2021-01-22 17:00:00,64.44,0.11380342465753444
2021-01-22 17:15:00,64.0,0.1256665369649804
2021-01-22 17:30:00,64.12,0.11988857323232327
2021-01-22 17:45:00,63.75,0.10859904697072842
2021-01-22 18:00:00,63.66,0.10741294396211516
2021-01-22 18:15:00,63.6,0.12045763688760815
2021-01-22 18:30:00,62.6,0.10683215061549609
2021-01-22 18:45:00,62.2,0.14220281923714773
2021-01-22 19:00:00,62.47,0.0925611963190184
2021-01-22 19:15:00,62.47,0.1272677868852458
2021-01-22 19:30:00,62.47,0.12008134507606084
2021-01-22 19:45:00,62.47,0.09619736842105264
2021-01-22 20:00:00,62.47,0.11562223206377308
2021-01-22 20:15:00,62.47,0.10851723834652581
2021-01-22 20:30:00,62.47,0.11895568181818165
2021-01-22 20:45:00,62.47,0.10700866013071886
2021-01-22 21:00:00,62.47,0.10895561097256846
2021-01-22 21:15:00,62.47,0.10810486348122862
2021-01-22 21:30:00,62.47,0.10957261330761793
2021-01-22 21:45:00,62.47,0.14215631578947346
2021-01-22 22:00:00,62.47,0.13458918685121107
2021-01-22 22:15:00,62.47,0.10184666666666663
2021-01-22 22:30:00,62.47,0.11793140186915879
2021-01-22 22:45:00,62.47,0.12905556733828186
2021-01-22 23:00:00,62.47,0.1326129649309245
2021-01-22 23:15:00,62.47,0.11328615916955002
2021-01-22 23:30:00,62.47,0.11018414634146348
2021-01-22 23:45:00,62.47,0.10727477375565599
2021-01-23 00:00:00,62.47,0.10214130434782595
2021-01-23 00:15:00,62.47,0.07082801161103039
2021-01-23 00:30:00,62.47,0.14580416666666676
2021-01-23 00:45:00,62.47,0.11272889561270798
2021-01-23 01:00:00,62.47,0.14334061895551253
2021-01-23 01:15:00,62.47,0.0924016014234875
2021-01-23 01:30:00,62.47,0.12208606060606049
2021-01-23 01:45:00,62.47,0.11026673511293625
2021-01-23 02:00:00,62.47,0.13693294663573075
2021-01-23 02:15:00,62.47,0.13621015624999996
2021-01-23 02:30:00,62.47,0.15934511873350912
2021-01-23 02:45:00,62.47,0.11504792899408278
2021-01-23 03:00:00,62.47,0.1301799382716048
2021-01-23 03:15:00,62.47,0.13819877300613476
2021-01-23 03:30:00,62.47,0.16292080536912748
2021-01-23 03:45:00,62.47,0.14078989898989908
2021-01-23 04:00:00,62.47,0.10716206896551728
2021-01-23 04:15:00,62.47,0.10926677018633545
2021-01-23 04:30:00,62.47,0.13583887147335416
2021-01-23 04:45:00,62.47,0.15767381703470035
2021-01-23 05:00:00,62.47,0.09848051118210858
2021-01-23 05:15:00,62.47,0.10080714285714285
2021-01-23 05:30:00,62.47,0.10040735294117652
2021-01-23 05:45:00,62.47,0.19372083333333343
2021-01-23 06:00:00,62.47,0.1299314079422382
2021-01-23 06:15:00,62.47,0.10999395973154365
2021-01-23 06:30:00,62.47,0.13260481927710854
2021-01-23 06:45:00,62.47,0.13114720670391064
2021-01-23 07:00:00,62.47,0.14639946380697044
2021-01-23 07:15:00,62.47,0.1811986666666665
2021-01-23 07:30:00,62.47,0.1484925925925925
2021-01-23 07:45:00,62.47,0.1328387999999999
2021-01-23 08:00:00,62.47,0.1252647495361781
2021-01-23 08:15:00,62.47,0.14025143312101906
2021-01-23 08:30:00,62.47,0.14055651408450695
2021-01-23 08:45:00,62.47,0.10468615384615375
2021-01-23 09:00:00,62.47,0.08143223787167446
2021-01-23 09:15:00,62.47,0.11190150250417348
2021-01-23 09:30:00,62.47,0.12927418032786883
2021-01-23 09:45:00,62.47,0.11578300561797739
2021-01-23 10:00:00,62.47,0.11271178756476692
2021-01-23 10:15:00,62.47,0.09550150273224033
2021-01-23 10:30:00,62.47,0.11296248236953454
2021-01-23 10:45:00,62.47,0.09012086834733891
2021-01-23 11:00:00,62.47,0.096999354005168
2021-01-23 11:15:00,62.47,0.1234198520345252
2021-01-23 11:30:00,62.47,0.10028600823045264
2021-01-23 11:45:00,62.47,0.10077070457354759
2021-01-23 12:00:00,62.47,0.052707607192254494
2021-01-23 12:15:00,62.47,0.11702556962025307
2021-01-23 12:30:00,62.47,0.10518124999999993
2021-01-23 12:45:00,62.47,0.07082040557667925
2021-01-23 13:00:00,62.47,0.09254275700934564
2021-01-23 13:15:00,62.47,0.11054862914862905
2021-01-23 13:30:00,62.47,0.12805382746051022
2021-01-23 13:45:00,62.47,0.08983551171393332
2021-01-23 14:00:00,62.47,0.10703489254108728
2021-01-23 14:15:00,62.47,0.0892077905491699
2021-01-23 14:30:00,62.47,0.10178305555555547
2021-01-23 14:45:00,62.47,0.06594461538461535
2021-01-23 15:00:00,62.47,0.1225431593794074
2021-01-23 15:15:00,62.47,0.08123786259541986
2021-01-23 15:30:00,62.47,0.09672297297297286
2021-01-23 15:45:00,62.47,0.12590251396648047
2021-01-23 16:00:00,62.47,0.05133324840764329
2021-01-23 16:15:00,62.47,0.06611507936507928
2021-01-23 16:30:00,62.47,0.09718971354166671
2021-01-23 16:45:00,62.47,0.07176353111432704
2021-01-23 17:00:00,62.47,0.1458018105849583
2021-01-23 17:15:00,62.47,0.11536952624839951
2021-01-23 17:30:00,62.47,0.06511750700280113
2021-01-23 17:45:00,62.47,0.07790366350067848
2021-01-23 18:00:00,62.47,0.08436242350061197
2021-01-23 18:15:00,62.47,0.11168080415045391
2021-01-23 18:30:00,62.47,0.06865609065155812
2021-01-23 18:45:00,62.47,0.10100277392510396
2021-01-23 19:00:00,62.47,0.09933807471264361
2021-01-23 19:15:00,62.47,0.10173461538461519
2021-01-23 19:30:00,62.47,0.14305808383233512
2021-01-23 19:45:00,62.47,0.1340463810930576
2021-01-23 20:00:00,62.47,0.10628766666666663
2021-01-23 20:15:00,62.47,0.11065100154083193
2021-01-23 20:30:00,62.47,0.10038501529051974
2021-01-23 20:45:00,62.47,0.10249011345218796
2021-01-23 21:00:00,62.47,0.08558333333333332
2021-01-23 21:15:00,62.47,0.08213743676222586
2021-01-23 21:30:00,62.47,0.09457464285714276
2021-01-23 21:45:00,62.47,0.06274200323101776
2021-01-23 22:00:00,62.47,0.10157996965098634
2021-01-23 22:15:00,62.47,0.09787014925373136
2021-01-23 22:30:00,62.47,0.11051343283582084
2021-01-23 22:45:00,62.47,0.1001925170068027
2021-01-23 23:00:00,62.47,0.10422060085836908
2021-01-23 23:15:00,62.47,0.105753984063745
2021-01-23 23:30:00,62.47,0.11769829683698305
2021-01-23 23:45:00,62.47,0.08075630630630629
2021-01-24 00:00:00,62.47,0.10442237136465309
2021-01-24 00:15:00,62.47,0.11838646616541357
2021-01-24 00:30:00,62.47,0.08776504297994257
2021-01-24 00:45:00,62.47,0.043437628865979405
2021-01-24 01:00:00,62.47,0.06963420289855068
2021-01-24 01:15:00,62.47,0.06589393939393942
2021-01-24 01:30:00,62.47,0.05236443148688045
2021-01-24 01:45:00,62.47,0.05885170454545454
2021-01-24 02:00:00,62.47,0.07764534161490683
2021-01-24 02:15:00,62.47,0.06929687499999998
2021-01-24 02:30:00,62.47,0.0818806818181818
2021-01-24 02:45:00,62.47,0.1059281954887218
2021-01-24 03:00:00,62.47,0.032309920634920615
2021-01-24 03:15:00,62.47,0.1237242647058824
2021-01-24 03:30:00,62.47,0.0730052
2021-01-24 03:45:00,62.47,0.1491324742268042
2021-01-24 04:00:00,62.47,0.09231063829787231
2021-01-24 04:15:00,62.47,0.14206410256410257
2021-01-24 04:30:00,62.47,0.036539106145251396
2021-01-24 04:45:00,62.47,0.1369496932515337
2021-01-24 05:00:00,62.47,0.0876626373626374
2021-01-24 05:15:00,62.47,0.040696551724137935
2021-01-24 05:30:00,62.47,0.02881233480176211
2021-01-24 05:45:00,62.47,0.025803265306122456
2021-01-24 06:00:00,62.47,0.08574965986394559
2021-01-24 06:15:00,62.47,0.15993166666666664
2021-01-24 06:30:00,62.47,0.03949999999999999
2021-01-24 06:45:00,62.47,-0.06463750000000001
2021-01-24 07:00:00,62.47,0.005162790697674418
2021-01-24 07:15:00,62.47,0.026294838709677422
2021-01-24 07:30:00,62.47,-0.03690396825396826
2021-01-24 07:45:00,62.47,0.048419473684210505
2021-01-24 08:00:00,62.47,0.04859953703703706
2021-01-24 08:15:00,62.47,0.011694811320754726
2021-01-24 08:30:00,62.47,0.06803853211009175
2021-01-24 08:45:00,62.47,0.031828
2021-01-24 09:00:00,62.47,0.016447846889952135
2021-01-24 09:15:00,62.47,0.11695784753363234
2021-01-24 09:30:00,62.47,0.06762486772486774
2021-01-24 09:45:00,62.47,0.10913109243697482
2021-01-24 10:00:00,62.47,0.027145412844036692
2021-01-24 10:15:00,62.47,0.04530883977900553
2021-01-24 10:30:00,62.47,0.1835803418803418
2021-01-24 10:45:00,62.47,0.06393472222222221
2021-01-24 11:00:00,62.47,0.06359192546583849
2021-01-24 11:15:00,62.47,0.10379580838323353
2021-01-24 11:30:00,62.47,0.1178355029585799
2021-01-24 11:45:00,62.47,0.10472487046632123
2021-01-24 12:00:00,62.47,0.07220897435897439
2021-01-24 12:15:00,62.47,0.061621794871794894
2021-01-24 12:30:00,62.47,0.0907955223880596
2021-01-24 12:45:00,62.47,0.10234233576642336
2021-01-24 13:00:00,62.47,0.19017794117647058
2021-01-24 13:15:00,62.47,0.17165522388059692
2021-01-24 13:30:00,62.47,0.08169457831325302
2021-01-24 13:45:00,62.47,0.112420994475138
2021-01-24 14:00:00,62.47,0.09019791666666668
2021-01-24 14:15:00,62.47,0.0786201257861635
2021-01-24 14:30:00,62.47,0.07178775510204082
2021-01-24 14:45:00,62.47,0.1718115702479339
2021-01-24 15:00:00,62.47,0.10992283236994231
2021-01-24 15:15:00,62.47,0.1190781710914454
2021-01-24 15:30:00,62.47,0.11337941176470577
2021-01-24 15:45:00,62.47,0.11937002652519893
2021-01-24 16:00:00,62.47,0.13657041420118335
2021-01-24 16:15:00,62.47,0.1144793313069909
2021-01-24 16:30:00,62.47,0.0872676886792453
2021-01-24 16:45:00,62.47,0.019574424552429665
2021-01-24 17:00:00,62.47,0.029036842105263135
2021-01-24 17:15:00,62.47,0.08041727493917279
2021-01-24 17:30:00,62.47,0.10725665634674919
2021-01-24 17:45:00,62.47,0.05217752161383283
2021-01-24 18:00:00,62.47,0.053541586538461555
2021-01-24 18:15:00,62.47,0.08819376623376624
2021-01-24 18:30:00,62.47,0.08342301790281333
2021-01-24 18:45:00,62.47,0.06677709750566896
2021-01-24 19:00:00,62.47,0.05241131105398457
2021-01-24 19:15:00,62.47,0.10393591549295768
2021-01-24 19:30:00,62.47,0.08533621621621618
2021-01-24 19:45:00,62.47,0.03924670050761423
2021-01-24 20:00:00,62.47,0.04136269035532994
2021-01-24 20:15:00,62.47,0.09085915119363397
2021-01-24 20:30:00,62.47,0.03397863013698639
2021-01-24 20:45:00,62.47,0.05098829516539436
2021-01-24 21:00:00,62.47,0.0394423558897243
2021-01-24 21:15:00,62.47,0.06936950549450556
2021-01-24 21:30:00,62.47,0.10060918114143909
2021-01-24 21:45:00,62.47,0.08021827676240212
2021-01-24 22:00:00,62.47,0.04731246458923514
2021-01-24 22:15:00,62.47,0.053963173652694624
2021-01-24 22:30:00,62.47,0.06800112994350282
2021-01-24 22:45:00,62.47,0.07837797029702963
2021-01-24 23:00:00,62.47,0.043299999999999984
2021-01-24 23:15:00,62.47,0.06913333333333331
2021-01-24 23:30:00,62.47,0.08030677419354838
2021-01-24 23:45:00,62.47,0.027786984126984146
2021-01-25 00:00:00,62.47,0.057160869565217404
2021-01-25 00:15:00,62.47,0.1069919117647059
2021-01-25 00:30:00,62.47,0.06206386861313865
2021-01-25 00:45:00,62.47,0.04654509803921571
2021-01-25 01:00:00,62.47,0.022926422764227645
2021-01-25 01:15:00,62.47,0.0920610932475884
2021-01-25 01:30:00,62.47,0.03119900662251657
2021-01-25 01:45:00,62.47,0.02761249999999999
2021-01-25 02:00:00,62.47,0.05187236842105262
2021-01-25 02:15:00,62.47,0.05597269624573376
2021-01-25 02:30:00,62.47,0.010832363636363652
2021-01-25 02:45:00,62.47,0.04480608695652172
2021-01-25 03:00:00,62.47,0.030746896551724138
2021-01-25 03:15:00,72.5,0.019764909090909076
2021-01-25 03:30:00,81.49,-0.01693613581244949
2021-01-25 03:45:00,94.79,0.046666001994017915
2021-01-25 04:00:00,110.03,0.049008819875776356
2021-01-25 04:15:00,106.77,0.0484219512195122
2021-01-25 04:30:00,103.99,0.058591068301225895
2021-01-25 04:45:00,88.5,0.04254033149171264
2021-01-25 05:00:00,93.62,0.07668182883939037
2021-01-25 05:15:00,96.93,0.024721126760563403
2021-01-25 05:30:00,95.7,0.022036842105263178
2021-01-25 05:45:00,97.0,0.08742334710743796
2021-01-25 06:00:00,93.5,0.08156022222222233
2021-01-25 06:15:00,94.48,0.05997290167865705
2021-01-25 06:30:00,94.9,0.05774701670644388
2021-01-25 06:45:00,92.0,0.05591091617933723
2021-01-25 07:00:00,88.92,0.0646368131868132
2021-01-25 07:15:00,91.71,0.047563795853269496
2021-01-25 07:30:00,98.06,0.0660426229508197
2021-01-25 07:45:00,99.77,0.031651125827814534
2021-01-25 08:00:00,99.9,0.07467092731829574
2021-01-25 08:15:00,98.265,0.0743412289395441
2021-01-25 08:30:00,99.11,0.02527614213197971
2021-01-25 08:45:00,96.73,0.028210173323285615
2021-01-25 09:00:00,93.33,0.06874100246507803
2021-01-25 09:15:00,89.685,0.05143963022508036
2021-01-25 09:30:00,95.6923,0.03607273381294961
2021-01-25 09:45:00,119.96,0.03304528178243765
2021-01-25 10:00:00,144.44,-0.0571917257683215
2021-01-25 10:15:00,117.07,-0.016232838283828366
2021-01-25 10:30:00,92.0,0.017691632928475035
2021-01-25 10:45:00,96.0,0.05749887730553324
2021-01-25 11:00:00,104.608,0.07888564146134244
2021-01-25 11:15:00,99.99,0.023262160120845914
2021-01-25 11:30:00,78.0,0.04791726214371722
2021-01-25 11:45:00,76.34,0.04589215817694381
2021-01-25 12:00:00,72.8,0.02599557964970808
2021-01-25 12:15:00,69.3,0.05676691810344828
2021-01-25 12:30:00,75.6678,0.06173281990521323
2021-01-25 12:45:00,68.98,0.08931256983240224
2021-01-25 13:00:00,73.23,0.04032462462462459
2021-01-25 13:15:00,76.6241,0.0722595804195804
2021-01-25 13:30:00,78.879,0.06811256931608131
2021-01-25 13:45:00,82.1201,0.04737343234323434
2021-01-25 14:00:00,82.5,-0.008400788643533141
2021-01-25 14:15:00,77.19,0.027157318952234222
2021-01-25 14:30:00,74.0256,0.08426957928802581
2021-01-25 14:45:00,78.99,0.0625521563342317
2021-01-25 15:00:00,79.1,0.08158406747891285
2021-01-25 15:15:00,76.7698,0.0886954545454545
2021-01-25 15:30:00,76.2,0.11440185589519637
2021-01-25 15:45:00,76.69,0.09440616113744067
2021-01-25 16:00:00,76.8,0.0814866251944012
2021-01-25 16:15:00,78.39,0.11027491582491578
2021-01-25 16:30:00,83.1,0.056989080459770095
2021-01-25 16:45:00,82.03,0.06275845070422532
2021-01-25 17:00:00,82.12,0.09757421259842522
2021-01-25 17:15:00,81.71,0.08626030368763553
2021-01-25 17:30:00,82.15,0.08265917926565874
2021-01-25 17:45:00,82.0,0.06445846867749427
2021-01-25 18:00:00,83.06,0.058404155844155814
2021-01-25 18:15:00,82.9,0.07885876010781667
2021-01-25 18:30:00,88.8,0.05428818681318681
2021-01-25 18:45:00,88.21,0.06907245179063366
2021-01-25 19:00:00,87.54,0.08933480662983427
2021-01-25 19:15:00,87.54,0.08595112994350283
2021-01-25 19:30:00,87.54,0.04276393861892585
2021-01-25 19:45:00,87.54,0.031546728971962625
2021-01-25 20:00:00,87.54,0.05966310679611653
2021-01-25 20:15:00,87.54,0.09778691588785045
2021-01-25 20:30:00,87.54,0.05780095846645366
2021-01-25 20:45:00,87.54,0.10319811320754717
2021-01-25 21:00:00,87.54,0.06328251748251751
2021-01-25 21:15:00,87.54,0.03504575645756457
2021-01-25 21:30:00,87.54,0.07054795640326973
2021-01-25 21:45:00,87.54,0.0681607629427793
2021-01-25 22:00:00,87.54,0.04361633986928106
2021-01-25 22:15:00,87.54,0.05992740524781337
2021-01-25 22:30:00,87.54,-0.02028590163934426
2021-01-25 22:45:00,87.54,0.043039100346020764
2021-01-25 23:00:00,87.54,0.025851538461538457
2021-01-25 23:15:00,87.54,-0.004514399999999999
2021-01-25 23:30:00,87.54,0.07751872146118725
2021-01-25 23:45:00,87.54,0.10489032258064518
2021-01-26 00:00:00,87.54,0.03185353535353536
2021-01-26 00:15:00,87.54,0.07854759615384611
2021-01-26 00:30:00,87.54,0.06485825242718446
2021-01-26 00:45:00,87.54,0.05464829268292683
2021-01-26 01:00:00,87.54,0.04064924623115579
2021-01-26 01:15:00,87.54,0.03958554216867471
2021-01-26 01:30:00,87.54,0.09423141025641024
2021-01-26 01:45:00,87.54,0.07436603773584907
2021-01-26 02:00:00,87.54,0.07463170731707323
2021-01-26 02:15:00,87.54,0.14233504273504277
2021-01-26 02:30:00,87.54,0.012378217821782186
2021-01-26 02:45:00,87.54,0.10988085106382973
2021-01-26 03:00:00,87.54,0.12052483221476513
2021-01-26 03:15:00,90.0,0.019452941176470586
2021-01-26 03:30:00,94.0,0.043968000000000014
2021-01-26 03:45:00,94.1,0.024204838709677417
2021-01-26 04:00:00,95.4,0.09869453125000005
2021-01-26 04:15:00,94.25,0.08462327586206897
2021-01-26 04:30:00,91.11,0.03731965811965815
2021-01-26 04:45:00,87.75,0.07204421768707484
2021-01-26 05:00:00,89.25,0.061722685185185235
2021-01-26 05:15:00,89.0,0.07825285714285714
2021-01-26 05:30:00,90.0,0.1254470930232558
2021-01-26 05:45:00,89.2,0.12832328042328045
2021-01-26 06:00:00,89.3,0.08833560209424082
2021-01-26 06:15:00,88.89,0.13663053892215565
2021-01-26 06:30:00,88.76,0.03456936416184972
2021-01-26 06:45:00,93.38,0.10594676616915426
2021-01-26 07:00:00,92.62,0.037125480769230786
2021-01-26 07:15:00,91.62,0.03336688963210703
2021-01-26 07:30:00,89.99,0.053573537604456795
2021-01-26 07:45:00,89.3,0.05871173020527862
2021-01-26 08:00:00,88.31,0.055990537084398995
2021-01-26 08:15:00,89.0,0.016481746031746024
2021-01-26 08:30:00,86.0,-0.003780259365994238
2021-01-26 08:45:00,88.56,0.027059288990825676
2021-01-26 09:00:00,86.95,0.013401769911504427
2021-01-26 09:15:00,87.575,-0.011030942334739799
2021-01-26 09:30:00,87.27,0.03222189141856393
2021-01-26 09:45:00,82.3801,0.05227898305084749
2021-01-26 10:00:00,87.6101,0.05259461805555555
2021-01-26 10:15:00,87.62,-0.0028175609756097555
2021-01-26 10:30:00,83.0,0.03685276752767531
2021-01-26 10:45:00,87.4199,0.048809562398703446
2021-01-26 11:00:00,88.0101,0.03227464788732396
2021-01-26 11:15:00,87.685,0.05037191919191927
2021-01-26 11:30:00,89.1184,0.048957808857808864
2021-01-26 11:45:00,92.51,0.02388226691042049
2021-01-26 12:00:00,98.68,0.05164628378378379
2021-01-26 12:15:00,105.3137,0.05657323943661966
2021-01-26 12:30:00,102.77,0.03155740740740746
2021-01-26 12:45:00,112.2334,0.06521353965183756
2021-01-26 13:00:00,117.38,0.07174233807266972
2021-01-26 13:15:00,114.2538,0.05185390199637021
2021-01-26 13:30:00,118.295,0.049192321755027434
2021-01-26 13:45:00,122.3699,0.04535200617283949
2021-01-26 14:00:00,132.235,0.06684372937293728
2021-01-26 14:15:00,131.6913,0.04333015873015874
2021-01-26 14:30:00,144.72,0.03223793548387098
2021-01-26 14:45:00,148.3118,0.05988858501783587
2021-01-26 15:00:00,147.77,0.09100133116001084
2021-01-26 15:15:00,146.2,0.045388656858092125
2021-01-26 15:30:00,165.06,0.036665913043478326
2021-01-26 15:45:00,184.99,0.06847086947323884
2021-01-26 16:00:00,202.55,0.06685737344093913
2021-01-26 16:15:00,224.6,0.04481524511192976
2021-01-26 16:30:00,224.25,0.07848964084298006
2021-01-26 16:45:00,217.27,0.07108983766233774
2021-01-26 17:00:00,212.5,0.045306408399710354
2021-01-26 17:15:00,208.1,0.06304817623690873
2021-01-26 17:30:00,207.02,0.04449445082280898
2021-01-26 17:45:00,214.0,0.06905728196443686
2021-01-26 18:00:00,220.96,0.07785729032258067
2021-01-26 18:15:00,225.0,0.0720466853408029
2021-01-26 18:30:00,223.5,0.07995670362903212
2021-01-26 18:45:00,222.5,0.07163126888217522
2021-01-26 19:00:00,216.61,0.05739349051768325
2021-01-26 19:15:00,216.61,0.07536505854800937
2021-01-26 19:30:00,216.61,0.044144136566056306
2021-01-26 19:45:00,216.61,0.0523003645833332
2021-01-26 20:00:00,216.61,0.05740795321637423
2021-01-26 20:15:00,216.61,0.08608636604774524
2021-01-26 20:30:00,216.61,0.06251424116424119
2021-01-26 20:45:00,216.61,0.05680118176702296
2021-01-26 21:00:00,216.61,0.06271104751001706
2021-01-26 21:15:00,216.61,0.07828554735547345
2021-01-26 21:30:00,216.61,0.0753873895109015
2021-01-26 21:45:00,216.61,0.07419818295739344
2021-01-26 22:00:00,216.61,0.08104149350649333
2021-01-26 22:15:00,216.61,0.07792565963060685
2021-01-26 22:30:00,216.61,0.08335795795795795
2021-01-26 22:45:00,216.61,0.07041959183673467
2021-01-26 23:00:00,216.61,0.04614899866488646
2021-01-26 23:15:00,216.61,0.08189180327868842
2021-01-26 23:30:00,216.61,0.06791001494768317
2021-01-26 23:45:00,216.61,0.053988051044083496
2021-01-27 00:00:00,216.61,0.10106586178184825
2021-01-27 00:15:00,216.61,0.08332325189553492
2021-01-27 00:30:00,216.61,0.056529411764705835
2021-01-27 00:45:00,216.61,0.08069749759384012
2021-01-27 01:00:00,216.61,0.0882769948186528
2021-01-27 01:15:00,216.61,0.062491810841983804
2021-01-27 01:30:00,216.61,0.06958324205914561
2021-01-27 01:45:00,216.61,0.05275271317829458
2021-01-27 02:00:00,216.61,0.08287502538071047
2021-01-27 02:15:00,216.61,0.04205696068012753
2021-01-27 02:30:00,216.61,0.11130253292806466
2021-01-27 02:45:00,216.61,0.0844843889384477
2021-01-27 03:00:00,216.61,0.046611859296482365
2021-01-27 03:15:00,246.66,0.0688124094202898
2021-01-27 03:30:00,249.77,0.028329632299927895
2021-01-27 03:45:00,267.95,0.06162193798449607
2021-01-27 04:00:00,282.5,0.03666171003717468
2021-01-27 04:15:00,299.5,0.05532297551789072
2021-01-27 04:30:00,332.0,0.05848587030716715
2021-01-27 04:45:00,321.73,0.058040803515379734
2021-01-27 05:00:00,352.0,0.005834252726106483
2021-01-27 05:15:00,351.89,-0.020060979929161754
2021-01-27 05:30:00,293.1,-0.048464744645798946
2021-01-27 05:45:00,242.2,-0.06953554028732037
2021-01-27 06:00:00,236.97,-0.02554587441619101
2021-01-27 06:15:00,199.5,0.01307394209354121
2021-01-27 06:30:00,256.01,0.0035826754385964916
2021-01-27 06:45:00,247.99,0.03101241534988713
2021-01-27 07:00:00,245.02,0.03969184168012916
2021-01-27 07:15:00,230.0,0.04384205816554801
2021-01-27 07:30:00,202.6,0.082787449118046
2021-01-27 07:45:00,207.39,0.06185763975155269
2021-01-27 08:00:00,227.9,0.03897099276111677
2021-01-27 08:15:00,231.15,0.03068106767794619
2021-01-27 08:30:00,249.0,0.004410195530726233
2021-01-27 08:45:00,354.83,0.0015057545731707316
2021-01-27 09:00:00,312.6,0.005592739778372143
2021-01-27 09:15:00,310.32,0.016951873702611104
2021-01-27 09:30:00,262.2,0.025803825824314067
2021-01-27 09:45:00,276.18,0.034861819546990296
2021-01-27 10:00:00,307.6174,0.04666957431102358
2021-01-27 10:15:00,371.182,0.03985613485399169
2021-01-27 10:30:00,352.5788,0.03962047568811737
2021-01-27 10:45:00,363.53,0.03870223998667658
2021-01-27 11:00:00,350.0,0.021203675763626993
2021-01-27 11:15:00,312.61,0.021577503398278096
2021-01-27 11:30:00,333.3667,0.03293283266342288
2021-01-27 11:45:00,302.55,0.04417055224227388
2021-01-27 12:00:00,324.455,0.02124675250590822
2021-01-27 12:15:00,341.0407,0.044680420524691476
2021-01-27 12:30:00,325.61,0.01607166666666666
2021-01-27 12:45:00,323.01,0.0749800464037123
2021-01-27 13:00:00,328.09,0.06201146504414219
2021-01-27 13:15:00,326.07,0.05101030637530957
2021-01-27 13:30:00,320.3603,0.06076224090731318
2021-01-27 13:45:00,301.2236,0.04872221562221554
2021-01-27 14:00:00,309.3616,0.04901087991145529
2021-01-27 14:15:00,318.01,0.05787388371779307
2021-01-27 14:30:00,343.1738,0.05475806095710922
2021-01-27 14:45:00,335.8247,0.06725698507100347
2021-01-27 15:00:00,338.13,0.0579589259007476
2021-01-27 15:15:00,347.51,0.04423354283372024
2021-01-27 15:30:00,332.65,0.06384940483976434
2021-01-27 15:45:00,338.83,0.06542167654530051
2021-01-27 16:00:00,333.72,0.0722572053872051
2021-01-27 16:15:00,327.36,0.05807122254998352
2021-01-27 16:30:00,303.3,0.05638586072817235
2021-01-27 16:45:00,317.11,0.06537340901272806
2021-01-27 17:00:00,315.41,0.06278686927722579
2021-01-27 17:15:00,319.0,0.06211316392816202
2021-01-27 17:30:00,316.0,0.05455552551537682
2021-01-27 17:45:00,314.05,-0.007516666666666662
2021-01-27 18:00:00,316.0,-0.05042499999999999
2021-01-27 18:15:00,248.99,0.03871333333333333
2021-01-27 18:30:00,278.01,0.08096945488721806
2021-01-27 18:45:00,258.01,0.055770099619103744
2021-01-27 19:00:00,291.77,0.05578817437007252
2021-01-27 19:15:00,291.77,0.07149768795741858
2021-01-27 19:30:00,291.77,0.09545472083101457
2021-01-27 19:45:00,291.77,0.08543713624975906
2021-01-27 20:00:00,291.77,0.08902411435674311
2021-01-27 20:15:00,291.77,0.08278547568710351
2021-01-27 20:30:00,291.77,0.09280051582649454
2021-01-27 20:45:00,291.77,0.09156096526120376
2021-01-27 21:00:00,291.77,0.10342085941946508
2021-01-27 21:15:00,291.77,0.09349800673778795
2021-01-27 21:30:00,291.77,0.10050463215258854
2021-01-27 21:45:00,291.77,0.09615796219160541
2021-01-27 22:00:00,291.77,0.10745340755735484
2021-01-27 22:15:00,291.77,0.07973391479369325
2021-01-27 22:30:00,291.77,0.094249455899198
2021-01-27 22:45:00,291.77,0.08078130968622088
2021-01-27 23:00:00,291.77,0.08865068298235634
2021-01-27 23:15:00,291.77,0.08618502642395787
2021-01-27 23:30:00,291.77,0.08890139593908615
2021-01-27 23:45:00,291.77,0.08148015347052662
2021-01-28 00:00:00,291.77,0.08013950083194675
2021-01-28 00:15:00,291.77,0.08269496262593434
2021-01-28 00:30:00,291.77,0.08010998963014175
2021-01-28 00:45:00,291.77,0.07817439648866108
2021-01-28 01:00:00,291.77,0.09523067506121027
2021-01-28 01:15:00,291.77,0.08381108536114329
2021-01-28 01:30:00,291.77,0.07295336519315024
2021-01-28 01:45:00,291.77,0.08329248088360246
2021-01-28 02:00:00,291.77,0.07040583845478475
2021-01-28 02:15:00,291.77,0.08737300479720886
2021-01-28 02:30:00,291.77,0.06224525805028663
2021-01-28 02:45:00,291.77,0.048076374570446674
2021-01-28 03:00:00,291.77,0.09085755153554903
2021-01-28 03:15:00,311.3,0.08463764487714434
2021-01-28 03:30:00,319.0,0.07104484967964507
2021-01-28 03:45:00,314.12,0.08905142555438231
2021-01-28 04:00:00,318.88,0.07071667508842834
2021-01-28 04:15:00,333.11,0.06933075563411402
2021-01-28 04:30:00,355.63,0.07505482416591522
2021-01-28 04:45:00,367.9,0.05676328933285764
2021-01-28 05:00:00,363.99,0.05904284781188777
2021-01-28 05:15:00,456.4,0.07888863729930007
2021-01-28 05:30:00,434.54,0.063715347405453
2021-01-28 05:45:00,451.51,0.07556650717703355
2021-01-28 06:00:00,441.1,0.06011318051575925
2021-01-28 06:15:00,447.01,0.06246649319455558
2021-01-28 06:30:00,490.61,0.08455236921391404
2021-01-28 06:45:00,480.0,0.09940326606479018
2021-01-28 07:00:00,477.0,0.022172627514732868
2021-01-28 07:15:00,459.0,-0.02087519036411468
2021-01-28 07:30:00,452.01,-0.019366534931157597
2021-01-28 07:45:00,448.34,-0.015187012223789468
2021-01-28 08:00:00,425.0,-0.021888428128231628
2021-01-28 08:15:00,340.73,-0.02856853765150014
2021-01-28 08:30:00,314.0,-0.037641910397295184
2021-01-28 08:45:00,265.0,-0.006966621449766891
2021-01-28 09:00:00,352.26,-0.005678508641975335
2021-01-28 09:15:00,469.0,-0.005528858131487914
2021-01-28 09:30:00,414.0,-0.009414787925105085
2021-01-28 09:45:00,397.86,-0.017311096383260775
2021-01-28 10:00:00,330.0,-0.016469439071566713
2021-01-28 10:15:00,265.0,-0.03706209754308782
2021-01-28 10:30:00,140.01,-0.0019717726909768947
2021-01-28 10:45:00,141.0,0.004060636878959656
2021-01-28 11:00:00,246.951,0.01927689444076767
2021-01-28 11:15:00,255.99,0.018493356740275288
2021-01-28 11:30:00,270.0,0.01844742017339817
2021-01-28 11:45:00,276.0,0.01639570317175342
2021-01-28 12:00:00,266.5,0.005871273675542129
2021-01-28 12:15:00,240.9471,0.008205848458657426
2021-01-28 12:30:00,217.8886,0.01828589504528503
2021-01-28 12:45:00,230.3455,0.022922672562024085
2021-01-28 13:00:00,246.8585,0.021336125319693026
2021-01-28 13:15:00,242.4305,0.021027641744140346
2021-01-28 13:30:00,234.0,0.020583692267773613
2021-01-28 13:45:00,229.18,0.030433315565031947
2021-01-28 14:00:00,235.1123,0.013401751291419864
2021-01-28 14:15:00,246.1359,0.009648032157427397
2021-01-28 14:30:00,247.8874,0.03312897828863354
2021-01-28 14:45:00,225.0201,0.025443775562372182
2021-01-28 15:00:00,222.01,0.025862508710801427
2021-01-28 15:15:00,197.44,0.03579746756487024
2021-01-28 15:30:00,210.0,0.028305107772697565
2021-01-28 15:45:00,268.12,0.02759332021158807
2021-01-28 16:00:00,250.01,0.03484735055350555
2021-01-28 16:15:00,257.0,0.044587813337537405
2021-01-28 16:30:00,262.0,0.042830584247901905
2021-01-28 16:45:00,259.75,0.036707855946398756
2021-01-28 17:00:00,265.9,0.04484742684157424
2021-01-28 17:15:00,280.33,0.044660727455581695
2021-01-28 17:30:00,290.7,0.033447036328871825
2021-01-28 17:45:00,291.0,0.007197264342660582
2021-01-28 18:00:00,312.0,0.035845228070175345
2021-01-28 18:15:00,347.0,0.033804493006993
2021-01-28 18:30:00,332.21,0.03550273352999004
2021-01-28 18:45:00,313.89,0.04643426173216325
2021-01-28 19:00:00,319.03,0.04632678778507917
2021-01-28 19:15:00,319.03,0.0545818942045896
2021-01-28 19:30:00,319.03,0.03833712912661927
2021-01-28 19:45:00,319.03,0.04826435866013073
2021-01-28 20:00:00,319.03,0.05677313915857598
2021-01-28 20:15:00,319.03,0.060316905675621126
2021-01-28 20:30:00,319.03,0.0681610057532493
2021-01-28 20:45:00,319.03,0.05664352087825912
2021-01-28 21:00:00,319.03,0.04062144970414207
2021-01-28 21:15:00,319.03,0.056545827107790735
2021-01-28 21:30:00,319.03,0.0680059982862038
2021-01-28 21:45:00,319.03,0.041167744048919014
2021-01-28 22:00:00,319.03,0.05698448134481338
2021-01-28 22:15:00,319.03,0.06179323977070559
2021-01-28 22:30:00,319.03,0.060981464014763224
2021-01-28 22:45:00,319.03,0.07533814814814802
2021-01-28 23:00:00,319.03,0.06856255859375003
2021-01-28 23:15:00,319.03,0.06400883664369705
2021-01-28 23:30:00,319.03,0.06429240237690992
2021-01-28 23:45:00,319.03,0.06531491324401481
2021-01-29 00:00:00,319.03,0.07241986931268136
2021-01-29 00:15:00,319.03,0.09132013151239254
2021-01-29 00:30:00,319.03,0.06738119636547216
2021-01-29 00:45:00,319.03,0.0838151629802096
2021-01-29 01:00:00,319.03,0.07646416252557739
2021-01-29 01:15:00,319.03,0.076081704980843
2021-01-29 01:30:00,319.03,0.07998616951379761
2021-01-29 01:45:00,319.03,0.07707187938288912
2021-01-29 02:00:00,319.03,0.08100195659907526
2021-01-29 02:15:00,319.03,0.08539379047619038
2021-01-29 02:30:00,319.03,0.10019747029513246
2021-01-29 02:45:00,319.03,0.05417224105461379
2021-01-29 03:00:00,319.03,0.05811728304650308
2021-01-29 03:15:00,360.0,0.07407769732078193
2021-01-29 03:30:00,382.98,0.06919757759273283
2021-01-29 03:45:00,415.0,0.07220414643257383
2021-01-29 04:00:00,401.0,0.07581065292096226
2021-01-29 04:15:00,420.0,0.07873022670025182
2021-01-29 04:30:00,400.0,0.06671792175010513
2021-01-29 04:45:00,392.01,0.0771469884488449
2021-01-29 05:00:00,383.01,0.058795303159692544
2021-01-29 05:15:00,385.0,0.06400797433547196
2021-01-29 05:30:00,377.99,0.057145540968764154
2021-01-29 05:45:00,393.0,0.035683912655971435
2021-01-29 06:00:00,380.0,0.07019908180300512
2021-01-29 06:15:00,395.0,0.08008461538461534
2021-01-29 06:30:00,351.3,0.05870352439969017
2021-01-29 06:45:00,337.0,0.05916045368620039
2021-01-29 07:00:00,322.0,0.056814338856949705
2021-01-29 07:15:00,347.07,0.07158235150329999
2021-01-29 07:30:00,385.0,0.05354895180462517
2021-01-29 07:45:00,341.36,0.05729514797664579
2021-01-29 08:00:00,352.05,0.05636265902168081
2021-01-29 08:15:00,363.01,0.05564567251462005
2021-01-29 08:30:00,369.715,0.013905847076461756
2021-01-29 08:45:00,379.71,0.03887038530941514
2021-01-29 09:00:00,343.573,0.025561234729493874
2021-01-29 09:15:00,317.7093,0.04867504633920288
2021-01-29 09:30:00,315.85,0.051510521536066306
2021-01-29 09:45:00,315.0,0.05620374149659839
2021-01-29 10:00:00,328.0806,0.06018226033174028
2021-01-29 10:15:00,335.5999,0.06253482974287691
2021-01-29 10:30:00,330.9999,0.04546749730603444
2021-01-29 10:45:00,335.1109,0.05662594256158978
2021-01-29 11:00:00,332.235,0.04836077371048263
2021-01-29 11:15:00,339.8802,0.05394633108306419
2021-01-29 11:30:00,359.0,0.06512504924988619
2021-01-29 11:45:00,348.1117,0.03992962857549437
2021-01-29 12:00:00,337.84,0.05709356487746202
2021-01-29 12:15:00,328.1182,0.04391989552238823
2021-01-29 12:30:00,328.909,0.02561649937264741
2021-01-29 12:45:00,318.0145,0.019392919163507428
2021-01-29 13:00:00,295.06,0.035263462940461725
2021-01-29 13:15:00,275.95,8.690769066210813e-05
2021-01-29 13:30:00,276.0,0.02893547375026141
2021-01-29 13:45:00,256.6191,0.042305312815904585
2021-01-29 14:00:00,280.9999,0.05527516301816497
2021-01-29 14:15:00,284.79,0.04686406608536011
2021-01-29 14:30:00,322.415,0.049812845673505815
2021-01-29 14:45:00,305.31,0.05514013263856
2021-01-29 15:00:00,318.5536,0.08796408532759752
2021-01-29 15:15:00,327.67,0.07817793330588722
2021-01-29 15:30:00,316.0,0.08475026425066061
2021-01-29 15:45:00,324.73,0.0953161268706721
2021-01-29 16:00:00,320.89,0.09548152703643537
2021-01-29 16:15:00,322.3,0.11349539819289778
2021-01-29 16:30:00,320.0,0.10265448789571692
2021-01-29 16:45:00,320.0,0.10963457608890488
2021-01-29 17:00:00,311.5,0.09777076279246706
2021-01-29 17:15:00,306.11,0.09027618957703913
2021-01-29 17:30:00,305.0,0.10235524436090201
2021-01-29 17:45:00,306.01,0.09460813725490161
2021-01-29 18:00:00,316.99,0.09541660086853519
2021-01-29 18:15:00,316.0,0.10054466248037672
2021-01-29 18:30:00,315.0,0.10434311154598835
2021-01-29 18:45:00,317.5,0.1059628610729025
2021-01-29 19:00:00,314.5101,0.11706551724137937
2021-01-29 19:15:00,314.5101,0.11368121044303808
2021-01-29 19:30:00,314.5101,0.11281738041572749
2021-01-29 19:45:00,314.5101,0.10488390649149949
2021-01-29 20:00:00,314.5101,0.11557311763531035
2021-01-29 20:15:00,314.5101,0.09867139484556378
2021-01-29 20:30:00,314.5101,0.09399123095924274
2021-01-29 20:45:00,314.5101,0.10638145737085236
2021-01-29 21:00:00,314.5101,0.10788200633579734
2021-01-29 21:15:00,314.5101,0.09328113537117896
2021-01-29 21:30:00,314.5101,0.10786145168156638
2021-01-29 21:45:00,314.5101,0.10162123029091719
2021-01-29 22:00:00,314.5101,0.1073647684467093
2021-01-29 22:15:00,314.5101,0.10088638256184164
2021-01-29 22:30:00,314.5101,0.10911406862745085
2021-01-29 22:45:00,314.5101,0.1018302840761012
2021-01-29 23:00:00,314.5101,0.08738058744993331
2021-01-29 23:15:00,314.5101,0.11434702792369364
2021-01-29 23:30:00,314.5101,0.09654702026221709
2021-01-29 23:45:00,314.5101,0.10650521060842418
2021-01-30 00:00:00,314.5101,0.11457317152103585
2021-01-30 00:15:00,314.5101,0.11756358620689668
2021-01-30 00:30:00,314.5101,0.11445184174624805
2021-01-30 00:45:00,314.5101,0.10543587110481568
2021-01-30 01:00:00,314.5101,0.12050534266764942
2021-01-30 01:15:00,314.5101,0.13337424722662428
2021-01-30 01:30:00,314.5101,0.1210099309153716
2021-01-30 01:45:00,314.5101,0.11464321100917418
2021-01-30 02:00:00,314.5101,0.12197402343749995
2021-01-30 02:15:00,314.5101,0.12031513124034994
2021-01-30 02:30:00,314.5101,0.11021341836734688
2021-01-30 02:45:00,314.5101,0.10737979302832247
2021-01-30 03:00:00,314.5101,0.12010113314447586
2021-01-30 03:15:00,314.5101,0.12659091981132076
2021-01-30 03:30:00,314.5101,0.13406966080402002
2021-01-30 03:45:00,314.5101,0.12723901345291463
2021-01-30 04:00:00,314.5101,0.10520725754656389
2021-01-30 04:15:00,314.5101,0.10807224220623474
2021-01-30 04:30:00,314.5101,0.10191169435215937
2021-01-30 04:45:00,314.5101,0.09568608349900586
2021-01-30 05:00:00,314.5101,0.11503672039243132
2021-01-30 05:15:00,314.5101,0.12858967509025265
2021-01-30 05:30:00,314.5101,0.08646123636363631
2021-01-30 05:45:00,314.5101,0.1050144968332159
2021-01-30 06:00:00,314.5101,0.1073466389466389
2021-01-30 06:15:00,314.5101,0.11976090322580638
2021-01-30 06:30:00,314.5101,0.0968082099596231
2021-01-30 06:45:00,314.5101,0.09498683440608528
2021-01-30 07:00:00,314.5101,0.1075457018498369
2021-01-30 07:15:00,314.5101,0.11294377450980386
2021-01-30 07:30:00,314.5101,0.08972343039126489
2021-01-30 07:45:00,314.5101,0.12740871598639458
2021-01-30 08:00:00,314.5101,0.12187813878860826
2021-01-30 08:15:00,314.5101,0.09131979790419177
2021-01-30 08:30:00,314.5101,0.10424085014409247
2021-01-30 08:45:00,314.5101,0.10671612258494347
2021-01-30 09:00:00,314.5101,0.1145018911745189
2021-01-30 09:15:00,314.5101,0.12859232036914936
2021-01-30 09:30:00,314.5101,0.10395388249188063
2021-01-30 09:45:00,314.5101,0.10255959625512011
2021-01-30 10:00:00,314.5101,0.09548380872483239
2021-01-30 10:15:00,314.5101,0.10227888402625823
2021-01-30 10:30:00,314.5101,0.09854979983987182
2021-01-30 10:45:00,314.5101,0.10468966053381701
2021-01-30 11:00:00,314.5101,0.10072813965607076
2021-01-30 11:15:00,314.5101,0.12026873210101524
2021-01-30 11:30:00,314.5101,0.11845301039956216
2021-01-30 11:45:00,314.5101,0.1186583333333333
2021-01-30 12:00:00,314.5101,0.10618098159509212
2021-01-30 12:15:00,314.5101,0.11020528795811538
2021-01-30 12:30:00,314.5101,0.11185024117796392
2021-01-30 12:45:00,314.5101,0.11531831683168318
2021-01-30 13:00:00,314.5101,0.12196905124302387
2021-01-30 13:15:00,314.5101,0.1219940306534015
2021-01-30 13:30:00,314.5101,0.13506317251831268
2021-01-30 13:45:00,314.5101,0.13164219994859894
2021-01-30 14:00:00,314.5101,0.13362072892938495
2021-01-30 14:15:00,314.5101,0.11464974593495937
2021-01-30 14:30:00,314.5101,0.11943039875712055
2021-01-30 14:45:00,314.5101,0.12738280318091433
2021-01-30 15:00:00,314.5101,0.12997081413210457
2021-01-30 15:15:00,314.5101,0.13649664734055977
2021-01-30 15:30:00,314.5101,0.13118706616729073
2021-01-30 15:45:00,314.5101,0.13250485436893186
2021-01-30 16:00:00,314.5101,0.13143398639455767
2021-01-30 16:15:00,314.5101,0.0945815154693237
2021-01-30 16:30:00,314.5101,0.11703207839092303
2021-01-30 16:45:00,314.5101,0.12513818366827778
2021-01-30 17:00:00,314.5101,0.11031544544016876
2021-01-30 17:15:00,314.5101,0.11656121393576513
2021-01-30 17:30:00,314.5101,0.11031391375101707
2021-01-30 17:45:00,314.5101,0.1257099567099564
2021-01-30 18:00:00,314.5101,0.12549224635688758
2021-01-30 18:15:00,314.5101,0.11844050433412133
2021-01-30 18:30:00,314.5101,0.09546635107471857
2021-01-30 18:45:00,314.5101,0.1014172023182298
2021-01-30 19:00:00,314.5101,0.10026140205042963
2021-01-30 19:15:00,314.5101,0.10634544198895002
2021-01-30 19:30:00,314.5101,0.09868172776356908
2021-01-30 19:45:00,314.5101,0.1080360576923078
2021-01-30 20:00:00,314.5101,0.10363720466837464
2021-01-30 20:15:00,314.5101,0.11526851270339704
2021-01-30 20:30:00,314.5101,0.11298492271799385
2021-01-30 20:45:00,314.5101,0.10971737213403891
2021-01-30 21:00:00,314.5101,0.08313733451015018
2021-01-30 21:15:00,314.5101,0.08950450335356144
2021-01-30 21:30:00,314.5101,0.10727282828282826
2021-01-30 21:45:00,314.5101,0.11258627195836048
2021-01-30 22:00:00,314.5101,0.10924136229022684
2021-01-30 22:15:00,314.5101,0.07733839257124571
2021-01-30 22:30:00,314.5101,0.10490945017182124
2021-01-30 22:45:00,314.5101,0.09745141493351506
2021-01-30 23:00:00,314.5101,0.0808223500697352
2021-01-30 23:15:00,314.5101,0.08054781824738552
2021-01-30 23:30:00,314.5101,0.10458663558663546
2021-01-30 23:45:00,314.5101,0.08888536773199841
2021-01-31 00:00:00,314.5101,0.0938465968586388
2021-01-31 00:15:00,314.5101,0.1108798801369863
2021-01-31 00:30:00,314.5101,0.10019035984007124
2021-01-31 00:45:00,314.5101,0.09606305825242709
2021-01-31 01:00:00,314.5101,0.08908726245505891
2021-01-31 01:15:00,314.5101,0.10437145299145291
2021-01-31 01:30:00,314.5101,0.10053839390386855
2021-01-31 01:45:00,314.5101,0.10374067098293115
2021-01-31 02:00:00,314.5101,0.10471276102088167
2021-01-31 02:15:00,314.5101,0.12525406403940875
2021-01-31 02:30:00,314.5101,0.07411759834368516
2021-01-31 02:45:00,314.5101,0.09508872445384067
2021-01-31 03:00:00,314.5101,0.11065272331154669
2021-01-31 03:15:00,314.5101,0.08512378854625541
2021-01-31 03:30:00,314.5101,0.09441382175226574
2021-01-31 03:45:00,314.5101,0.08545335877862585
2021-01-31 04:00:00,314.5101,0.1106011235955056
2021-01-31 04:15:00,314.5101,0.1027324149108589
2021-01-31 04:30:00,314.5101,0.07921609195402277
2021-01-31 04:45:00,314.5101,0.10006079593564765
2021-01-31 05:00:00,314.5101,0.10565272895467154
2021-01-31 05:15:00,314.5101,0.06726620689655173
2021-01-31 05:30:00,314.5101,0.09100241465445452
2021-01-31 05:45:00,314.5101,0.11093682514101533
2021-01-31 06:00:00,314.5101,0.08404786462530213
2021-01-31 06:15:00,314.5101,0.09106112548512296
2021-01-31 06:30:00,314.5101,0.09352442424242408
2021-01-31 06:45:00,314.5101,0.0686845309381238
2021-01-31 07:00:00,314.5101,0.05965692307692301
2021-01-31 07:15:00,314.5101,0.05735231702035507
2021-01-31 07:30:00,314.5101,0.07532275109170297
2021-01-31 07:45:00,314.5101,0.06768171238570239
2021-01-31 08:00:00,314.5101,0.07814723557692305
2021-01-31 08:15:00,314.5101,0.09260218620429697
2021-01-31 08:30:00,314.5101,0.07106997482919823
2021-01-31 08:45:00,314.5101,0.08225994764397897
2021-01-31 09:00:00,314.5101,0.09073025034770525
2021-01-31 09:15:00,314.5101,0.08022581967213112
2021-01-31 09:30:00,314.5101,0.07557760301981764
2021-01-31 09:45:00,314.5101,0.10578752345215767
2021-01-31 10:00:00,314.5101,0.0833247473200612
2021-01-31 10:15:00,314.5101,0.11197218330414474
2021-01-31 10:30:00,314.5101,0.1025656066687251
2021-01-31 10:45:00,314.5101,0.11747011289364226
2021-01-31 11:00:00,314.5101,0.10407499999999985
2021-01-31 11:15:00,314.5101,0.10475636160714284
2021-01-31 11:30:00,314.5101,0.10558106259863241
2021-01-31 11:45:00,314.5101,0.13295511247443764
2021-01-31 12:00:00,314.5101,0.12729581419091351
2021-01-31 12:15:00,314.5101,0.12141370231058568
2021-01-31 12:30:00,314.5101,0.13115701309110342
2021-01-31 12:45:00,314.5101,0.11629426735218495
2021-01-31 13:00:00,314.5101,0.1165438918643201
2021-01-31 13:15:00,314.5101,0.0991235788937036
2021-01-31 13:30:00,314.5101,0.11576072062928161
2021-01-31 13:45:00,314.5101,0.09934849575726416
2021-01-31 14:00:00,314.5101,0.09946601769911521
2021-01-31 14:15:00,314.5101,0.10460341880341861
2021-01-31 14:30:00,314.5101,0.09178197976483458
2021-01-31 14:45:00,314.5101,0.09378081621321496
2021-01-31 15:00:00,314.5101,0.08898548119469034
2021-01-31 15:15:00,314.5101,0.09881119360365499
2021-01-31 15:30:00,314.5101,0.09649254195152263
2021-01-31 15:45:00,314.5101,0.09207491082045197
2021-01-31 16:00:00,314.5101,0.09590593272171234
2021-01-31 16:15:00,314.5101,0.10517296650717727
2021-01-31 16:30:00,314.5101,0.10548828856021725
2021-01-31 16:45:00,314.5101,0.1184008947855598
2021-01-31 17:00:00,314.5101,0.08273733984136666
2021-01-31 17:15:00,314.5101,0.09537963938973641
2021-01-31 17:30:00,314.5101,0.09449116975386952
2021-01-31 17:45:00,314.5101,0.09663445012787725
2021-01-31 18:00:00,314.5101,0.09053886243386249
2021-01-31 18:15:00,314.5101,0.0847912128387266
2021-01-31 18:30:00,314.5101,0.1034612438961704
2021-01-31 18:45:00,314.5101,0.08235160621761642
2021-01-31 19:00:00,314.5101,0.10030026469031224
2021-01-31 19:15:00,314.5101,0.10581580154860915
2021-01-31 19:30:00,314.5101,0.10782677279305355
2021-01-31 19:45:00,314.5101,0.08273192660550452
2021-01-31 20:00:00,314.5101,0.08519544198895013
2021-01-31 20:15:00,314.5101,0.08785472297911007
2021-01-31 20:30:00,314.5101,0.08996084949215152
2021-01-31 20:45:00,314.5101,0.08783078770413076
2021-01-31 21:00:00,314.5101,0.09171280718336494
2021-01-31 21:15:00,314.5101,0.10016265685850294
2021-01-31 21:30:00,314.5101,0.06915891509433966
2021-01-31 21:45:00,314.5101,0.08519402985074627
2021-01-31 22:00:00,314.5101,0.09169589790337285
2021-01-31 22:15:00,314.5101,0.07215330480266281
2021-01-31 22:30:00,314.5101,0.06861665884561231
2021-01-31 22:45:00,314.5101,0.06638744789254289
2021-01-31 23:00:00,314.5101,0.061455365239294645
2021-01-31 23:15:00,314.5101,0.10101005762179134
2021-01-31 23:30:00,314.5101,0.09052645833333331
2021-01-31 23:45:00,314.5101,0.08949320248922929
2021-02-01 00:00:00,314.5101,0.08160137420718816
2021-02-01 00:15:00,314.5101,0.08169186893203866
2021-02-01 00:30:00,314.5101,0.07441095679012343
2021-02-01 00:45:00,314.5101,0.08072928039702225
2021-02-01 01:00:00,314.5101,0.0781225454545455
2021-02-01 01:15:00,314.5101,0.06750896414342623
2021-02-01 01:30:00,314.5101,0.05272198316183344
2021-02-01 01:45:00,314.5101,0.07278500486854915
2021-02-01 02:00:00,314.5101,0.08157494577006494
2021-02-01 02:15:00,314.5101,0.059060109289617434
2021-02-01 02:30:00,314.5101,0.0802728529121421
2021-02-01 02:45:00,314.5101,0.044600950369588194
2021-02-01 03:00:00,314.5101,0.056964261168384836
2021-02-01 03:15:00,356.1,0.08684077348066294
2021-02-01 03:30:00,374.1,0.0739708286038591
2021-02-01 03:45:00,353.9,0.11471649122807011
2021-02-01 04:00:00,344.0,0.05877821656050949
2021-02-01 04:15:00,347.0,0.06852259559675554
2021-02-01 04:30:00,342.0,0.07601747787610612
2021-02-01 04:45:00,337.83,0.047218624338624324
2021-02-01 05:00:00,340.0,0.035823191278493545
2021-02-01 05:15:00,338.0,0.05932734374999993
2021-02-01 05:30:00,341.5,0.07869551219512187
2021-02-01 05:45:00,332.15,0.05221963746223562
2021-02-01 06:00:00,329.79,0.021397502230151664
2021-02-01 06:15:00,327.42,0.041839814032121725
2021-02-01 06:30:00,307.03,0.03321105341246287
2021-02-01 06:45:00,300.0,0.04409006410256407
2021-02-01 07:00:00,305.6,0.052499871216999366
2021-02-01 07:15:00,327.0,0.06532805263157891
2021-02-01 07:30:00,319.2,0.05405123022847094
2021-02-01 07:45:00,319.0,0.034435879893576576
2021-02-01 08:00:00,319.9999,0.040313525224388705
2021-02-01 08:15:00,317.7,0.05452219184890648
2021-02-01 08:30:00,310.05,0.034580273437499996
2021-02-01 08:45:00,316.56,0.01786617966674721
2021-02-01 09:00:00,297.91,0.02502306879549194
2021-02-01 09:15:00,270.0,0.013258389882788359
2021-02-01 09:30:00,263.175,0.01120204342273308
2021-02-01 09:45:00,213.07,0.030668363874345475
2021-02-01 10:00:00,241.9999,0.049865887850467444
2021-02-01 10:15:00,236.775,0.06640927091043676
2021-02-01 10:30:00,264.0914,0.07097440893169878
2021-02-01 10:45:00,273.54,0.07333573596358109
2021-02-01 11:00:00,269.0101,0.06567847280924208
2021-02-01 11:15:00,259.0,0.05060751173708923
2021-02-01 11:30:00,247.53,0.043381375692217936
2021-02-01 11:45:00,252.0,0.04454457478005863
2021-02-01 12:00:00,250.5,0.047353927625772334
2021-02-01 12:15:00,248.4599,0.0333443909484834
2021-02-01 12:30:00,240.9414,0.04993062909885852
2021-02-01 12:45:00,239.69,0.05578529346622373
2021-02-01 13:00:00,233.155,0.049919355742296896
2021-02-01 13:15:00,250.0,0.0657603733170135
2021-02-01 13:30:00,245.01,0.04677785296831743
2021-02-01 13:45:00,245.0,0.05916229307173509
2021-02-01 14:00:00,240.88,0.05324554542781544
2021-02-01 14:15:00,240.1096,0.05721513877207741
2021-02-01 14:30:00,233.44,0.044751414827390944
2021-02-01 14:45:00,234.0,0.04039762502413602
2021-02-01 15:00:00,222.475,0.06785113388207618
2021-02-01 15:15:00,225.46,0.07154964664310973
2021-02-01 15:30:00,224.0,0.061880846032580136
2021-02-01 15:45:00,218.0,0.05726904691649459
2021-02-01 16:00:00,216.88,0.060395576619273375
2021-02-01 16:15:00,207.96,0.052609276980329536
2021-02-01 16:30:00,201.51,0.033655764993879955
2021-02-01 16:45:00,182.05,0.03554129229062661
2021-02-01 17:00:00,188.3,0.0414578559273964
2021-02-01 17:15:00,178.0,0.04722877720870682
2021-02-01 17:30:00,186.5,0.05474019682059037
2021-02-01 17:45:00,187.0,0.05168030634573297
2021-02-01 18:00:00,184.65,0.06257597402597405
2021-02-01 18:15:00,186.65,0.06357751633986926
2021-02-01 18:30:00,190.0,0.05561754468485425
2021-02-01 18:45:00,198.99,0.05049542356377793
2021-02-01 19:00:00,192.29,0.05971635287789127
2021-02-01 19:15:00,192.29,0.06297108910891085
2021-02-01 19:30:00,192.29,0.06882195652173904
2021-02-01 19:45:00,192.29,0.057844664634146246
2021-02-01 20:00:00,192.29,0.0572729471316085
2021-02-01 20:15:00,192.29,0.07302738589211616
2021-02-01 20:30:00,192.29,0.0746871007371007
2021-02-01 20:45:00,192.29,0.04622704585026111
2021-02-01 21:00:00,192.29,0.0567718670076726
2021-02-01 21:15:00,192.29,0.08614779411764703
2021-02-01 21:30:00,192.29,0.05055049575070812
2021-02-01 21:45:00,192.29,0.07017381974248915
2021-02-01 22:00:00,192.29,0.06797503516174402
2021-02-01 22:15:00,192.29,0.07286222723852509
2021-02-01 22:30:00,192.29,0.03958970358814343
2021-02-01 22:45:00,192.29,0.08236896838602327
2021-02-01 23:00:00,192.29,0.07097839866555461
2021-02-01 23:15:00,192.29,0.058631423290203294
2021-02-01 23:30:00,192.29,0.05112473933649273
2021-02-01 23:45:00,192.29,0.06255963302752288
2021-02-02 00:00:00,192.29,0.07327391304347802
2021-02-02 00:15:00,192.29,0.025670769230769237
2021-02-02 00:30:00,192.29,0.04938078078078079
2021-02-02 00:45:00,192.29,0.04228633093525178
2021-02-02 01:00:00,192.29,0.04927102376599632
2021-02-02 01:15:00,192.29,0.06842588582677156
2021-02-02 01:30:00,192.29,0.06216752475247518
2021-02-02 01:45:00,192.29,0.026506147091108635
2021-02-02 02:00:00,192.29,0.015553240740740774
2021-02-02 02:15:00,192.29,0.04647444831591169
2021-02-02 02:30:00,192.29,0.06571027713625863
2021-02-02 02:45:00,192.29,0.059778922716627575
2021-02-02 03:00:00,192.29,0.02488348540145986
2021-02-02 03:15:00,175.3,0.047712788632326794
2021-02-02 03:30:00,170.18,0.029402598566308225
2021-02-02 03:45:00,172.7,0.02525637168141594
2021-02-02 04:00:00,172.99,0.03851182078169684
2021-02-02 04:15:00,171.7,0.01590500500500502
2021-02-02 04:30:00,171.6,0.040708376963350695
2021-02-02 04:45:00,173.48,0.02689716088328076
2021-02-02 05:00:00,172.5,0.046137626494940145
2021-02-02 05:15:00,174.01,0.02961548791405551
2021-02-02 05:30:00,172.94,0.043063430420711986
2021-02-02 05:45:00,158.5,0.0296583640383198
2021-02-02 06:00:00,159.0,0.02460137559808609
2021-02-02 06:15:00,158.24,0.037763652802893295
2021-02-02 06:30:00,154.48,0.034354636739515575
2021-02-02 06:45:00,159.01,0.028147791952894925
2021-02-02 07:00:00,148.5,0.023503865760407756
2021-02-02 07:15:00,139.0,0.03189534522885956
2021-02-02 07:30:00,132.6,0.03433510848126234
2021-02-02 07:45:00,128.25,0.041309157754010645
2021-02-02 08:00:00,134.0,0.039444541855203595
2021-02-02 08:15:00,127.5,0.04167488986784134
2021-02-02 08:30:00,137.0,0.0069498444053578065
2021-02-02 08:45:00,140.76,0.014574385865457208
2021-02-02 09:00:00,102.26,0.02658315560142188
2021-02-02 09:15:00,114.8882,0.06712309283682438
2021-02-02 09:30:00,112.9899,0.04755089539093849
2021-02-02 09:45:00,104.17,0.05294986074705096
2021-02-02 10:00:00,85.0,0.07675624817943509
2021-02-02 10:15:00,91.0701,0.050487727639723756
2021-02-02 10:30:00,104.6999,0.044057553070507974
2021-02-02 10:45:00,142.99,0.06865015384615382
2021-02-02 11:00:00,135.65,0.035787901648505344
2021-02-02 11:15:00,110.05,0.06301415443900976
2021-02-02 11:30:00,114.25,0.07340003261046792
2021-02-02 11:45:00,115.5981,0.06785419766206162
2021-02-02 12:00:00,122.4769,0.04374508462369452
2021-02-02 12:15:00,118.2996,0.049216078136739276
2021-02-02 12:30:00,114.0109,0.0556960893854749
2021-02-02 12:45:00,113.0,0.021010606060605997
2021-02-02 13:00:00,108.9799,0.044214989138305454
2021-02-02 13:15:00,103.6001,0.03633923865300134
2021-02-02 13:30:00,105.02,0.05289259482239604
2021-02-02 13:45:00,97.9,0.03589974193548394
2021-02-02 14:00:00,103.9,0.04653673469387753
2021-02-02 14:15:00,99.8561,0.056148511612692166
2021-02-02 14:30:00,98.5,0.055516098182977404
2021-02-02 14:45:00,94.8143,0.04532239130434782
2021-02-02 15:00:00,94.7975,0.05603259500542887
2021-02-02 15:15:00,90.76,0.08928568494557418
2021-02-02 15:30:00,89.1,0.08284178942284492
2021-02-02 15:45:00,89.15,0.08347028389047535
2021-02-02 16:00:00,88.4,0.06842449270202909
2021-02-02 16:15:00,88.82,0.06959362302483087
2021-02-02 16:30:00,87.25,0.057045390625000046
2021-02-02 16:45:00,88.5,0.06033979591836731
2021-02-02 17:00:00,92.85,0.0625731402895656
2021-02-02 17:15:00,92.0,0.067260690316395
2021-02-02 17:30:00,93.1,0.06668873897249605
2021-02-02 17:45:00,91.5,0.06983681771369722
2021-02-02 18:00:00,89.1,0.06457570303712024
2021-02-02 18:15:00,90.0,0.07431970638057599
2021-02-02 18:30:00,89.5,0.07917434640522866
2021-02-02 18:45:00,88.88,0.07334597432905478
2021-02-02 19:00:00,85.75,0.08658576598311216
2021-02-02 19:15:00,85.75,0.05497454233409608
2021-02-02 19:30:00,85.75,0.08403826086956526
2021-02-02 19:45:00,85.75,0.06701073746312683
2021-02-02 20:00:00,85.75,0.06865654853620944
2021-02-02 20:15:00,85.75,0.041707042253521114
2021-02-02 20:30:00,85.75,0.09643373493975903
2021-02-02 20:45:00,85.75,0.03762272727272729
2021-02-02 21:00:00,85.75,0.025747311827956997
2021-02-02 21:15:00,85.75,0.10183516483516485
2021-02-02 21:30:00,85.75,0.018416153846153846
2021-02-02 21:45:00,85.75,0.10056458333333335
2021-02-02 22:00:00,85.75,0.09002926829268289
2021-02-02 22:15:00,85.75,0.07961391304347827
2021-02-02 22:30:00,85.75,0.016825454545454546
2021-02-02 22:45:00,85.75,0.01633065326633167
2021-02-02 23:00:00,85.75,0.08468815789473687
2021-02-02 23:15:00,85.75,0.0610529411764706
2021-02-02 23:30:00,85.75,0.17444444444444449
2021-02-02 23:45:00,85.75,-0.015104999999999993
2021-02-03 00:00:00,85.75,0.08065603448275863
2021-02-03 00:15:00,85.75,0.05247529411764705
2021-02-03 00:30:00,85.75,0.08546542056074763
2021-02-03 00:45:00,85.75,0.08876875000000001
2021-02-03 01:00:00,85.75,0.09333
2021-02-03 01:15:00,85.75,0.03496091954022989
2021-02-03 01:30:00,85.75,0.05278870967741934
2021-02-03 01:45:00,85.75,0.07850169491525422
2021-02-03 02:00:00,85.75,0.09510094339622642
2021-02-03 02:15:00,85.75,0.04933367346938775
2021-02-03 02:30:00,85.75,0.12952089552238802
2021-02-03 02:45:00,85.75,0.08836442307692308
2021-02-03 03:00:00,85.75,0.1275022556390977
2021-02-03 03:15:00,78.33,0.10607049180327865
2021-02-03 03:30:00,79.89,0.07892763157894735
2021-02-03 03:45:00,87.0,0.09601612903225808
2021-02-03 04:00:00,85.8,0.08430126582278481
2021-02-03 04:15:00,87.35,0.04171467889908257
2021-02-03 04:30:00,97.0,0.1462154929577465
2021-02-03 04:45:00,101.9,0.0805637168141593
2021-02-03 05:00:00,102.6,0.11038953488372094
2021-02-03 05:15:00,96.3,-0.028255072463768113
2021-02-03 05:30:00,98.81,0.09428285714285718
2021-02-03 05:45:00,96.3,0.06730909090909093
2021-02-03 06:00:00,93.4,0.008620000000000004
2021-02-03 06:15:00,91.11,0.14509189189189195
2021-02-03 06:30:00,90.51,0.14131743119266052
2021-02-03 06:45:00,88.4,0.1370137254901961
2021-02-03 07:00:00,90.5,0.08655789473684211
2021-02-03 07:15:00,89.82,0.10146728971962621
2021-02-03 07:30:00,88.5,0.0594661971830986
2021-02-03 07:45:00,89.9,0.040787341772151896
2021-02-03 08:00:00,92.5,0.10734516129032257
